熱門查詢項目,點擊,曝光,點閱率,排名
村花弄囍,234,330,70.91%,1.01
開幕賀詞有趣,86,818,10.51%,2.32
開店祝賀詞創意,65,676,9.62%,2.43
婚禮背板,50,784,6.38%,4.28
開店送禮,45,1005,4.48%,3.44
村家鮭女,28,73,38.36%,2.22
大榮貨運線上預約,27,928,2.91%,3.88
朋友開店送什麼,24,773,3.1%,3.64
開幕送禮,22,1187,1.85%,6.01
入厝禮,22,1027,2.14%,5.08
婚禮佈置租借,22,140,15.71%,2.66
村花弄喜,21,28,75%,1
婚禮佈置,18,1775,1.01%,8
台北平價花店,17,665,2.56%,7.11
520禮物,17,327,5.2%,5.65
婚禮背板價格,17,188,9.04%,2.68
大榮貨運線上託運流程,16,74,21.62%,1.08
背板,15,1136,1.32%,4.01
開幕賀詞,13,2747,0.47%,4.76
入厝送禮,13,1381,0.94%,2.66
婚禮布置,13,321,4.05%,4.77
結婚背板,13,238,5.46%,2.92
開幕送禮實用,12,297,4.04%,5.96
胸花,11,955,1.15%,3.53
台北花店,11,669,1.64%,9.08
開店送禮實用,11,273,4.03%,3.62
入厝送什麼花,11,80,13.75%,1.07
台北花店推薦,10,171,5.85%,6.78
永生花禁忌,9,1032,0.87%,3.48
婚禮胸花,9,228,3.95%,4.95
婚禮胸花誰要戴,9,136,6.62%,4.6
小吃店開幕送什麼,9,58,15.52%,2.03
背板佈置,8,165,4.85%,3.03
餐廳開幕賀詞有趣,8,70,11.43%,2.39
台北永生花推薦,8,65,12.31%,3.8
婚禮道具租借,8,56,14.29%,2.34
玫瑰花語,7,2748,0.25%,6.42
祝賀詞,7,1109,0.63%,2.84
1000元專櫃禮物2025,7,272,2.57%,5.18
婚禮佈置價格,7,226,3.1%,6.07
婚禮背板租借,7,128,5.47%,3.74
520禮物推薦,7,47,14.89%,3.43
婚禮佈置 租借,7,26,26.92%,2.65
入厝禮推薦,6,351,1.71%,3.55
開店送禮推薦,6,194,3.09%,3.72
餐廳開幕祝賀詞,6,189,3.17%,4.13
2025交換禮物,6,125,4.8%,10.78
餐廳開幕送什麼,6,72,8.33%,4.01
婚禮佈置費用,6,72,8.33%,5.76
新居落成送什麼花,6,61,9.84%,1.18
花藝體驗台北,6,46,13.04%,5.04
婚禮布置費用,6,26,23.08%,3.04
新居落成禮物,5,471,1.06%,2.74
入厝禮排行,5,355,1.41%,4.96
開業送禮,5,254,1.97%,6.38
嘉里大榮線上托運,5,245,2.04%,4.21
開幕送什麼,5,212,2.36%,4.83
結婚胸花,5,152,3.29%,4.24
3000元精品禮物,5,152,3.29%,6.74
美軍俱樂部婚禮,5,116,4.31%,8.74
婚禮背板佈置,5,107,4.67%,4.35
大榮貨運到府收件,5,106,4.72%,13.01
背板租借,5,94,5.32%,2.45
婚禮桌花,5,94,5.32%,6.37
婚禮花藝佈置費用,5,81,6.17%,1.83
2000元精品禮物,5,75,6.67%,9.73
婚禮布置價格,5,64,7.81%,1.95
陽明山美軍俱樂部婚禮,5,48,10.42%,8.1
台北花藝課,5,44,11.36%,7.48
白玫瑰花語,4,2106,0.19%,4.51
藍玫瑰花語,4,926,0.43%,1.48
大榮貨運到府收件流程,4,803,0.5%,9.43
開幕賀詞寫法,4,589,0.68%,5.23
好友入厝禮物,4,571,0.7%,2.28
畢業花束,4,465,0.86%,8.5
生日送花,4,251,1.59%,7.79
生日送什麼花,4,245,1.63%,3.27
士林花店,4,202,1.98%,7.28
美業開幕賀詞,4,146,2.74%,2.24
大榮線上託運,4,137,2.92%,4.44
入厝送什麼,4,126,3.17%,4.32
婚宴背板,4,126,3.17%,14.29
開店送禮招財,4,114,3.51%,9.39
婚禮佈置風格,4,104,3.85%,12.03
針織花實體店面台北,4,91,4.4%,9.67
入厝要送什麼,4,87,4.6%,4.07
中山花店平價,4,64,6.25%,6.73
開幕禮送什麼,4,61,6.56%,4.39
5000元禮物推薦,4,53,7.55%,6.04
開幕賀詞創意,4,52,7.69%,2.52
婚禮背板推薦,4,52,7.69%,3.81
適合送老師的花,4,45,8.89%,2.62
2025交換禮物推薦,4,41,9.76%,12.02
美軍俱樂部 婚宴,4,36,11.11%,7.92
結婚紀念日怎麼過,4,35,11.43%,6.86
台中婚禮背板,4,28,14.29%,2.57
婚禮租借,4,22,18.18%,3
婚禮背板佈置價格,4,21,19.05%,2.43
仿真花租借,4,14,28.57%,2.86
婚禮布置租借,4,12,33.33%,2
生日花束,3,553,0.54%,8.92
事業祝福語,3,459,0.65%,5.4
結婚紀念日 禮物,3,442,0.68%,6.49
抽捧花,3,375,0.8%,6.18
白玫瑰不吉利,3,366,0.82%,3.72
戶外婚禮費用,3,266,1.13%,5.73
情人節花束,3,258,1.16%,9.24
婚禮背板出租,3,192,1.56%,6.51
村花,3,187,1.6%,5.68
入厝禮清單,3,176,1.7%,2.87
美軍俱樂部 婚禮,3,152,1.97%,8.92
小資婚禮佈置,3,137,2.19%,8.58
台中婚禮佈置,3,133,2.26%,1.77
永生花推薦,3,128,2.34%,7.43
胸花 婚禮,3,106,2.83%,5.63
開店送禮哪裡買,3,88,3.41%,5
花店推薦,3,88,3.41%,11.3
大榮線上托運教學,3,87,3.45%,2.76
朋友生日送什麼花,3,78,3.85%,5.26
開店送禮送什麼,3,74,4.05%,3.93
大榮貨運託運單哪裡拿,3,69,4.35%,1.46
入厝鮮花,3,66,4.55%,1.52
入處禮,3,66,4.55%,3.11
入厝送什麼植物,3,62,4.84%,6.11
中式婚禮佈置,3,62,4.84%,8.21
開店禮物,3,51,5.88%,5.02
喬遷禮物,3,50,6%,12.54
婚禮場佈,3,49,6.12%,3.71
活動成功賀詞,3,49,6.12%,6.12
送男生花花語,3,43,6.98%,5.42
情人節送什麼花,3,42,7.14%,1.6
送花 花語,3,36,8.33%,1.86
入厝 花,3,33,9.09%,2.73
新店開幕送禮,3,33,9.09%,3.61
美軍俱樂部婚禮價格,3,33,9.09%,8.3
開幕送禮送什麼,3,30,10%,6.17
朋友入厝要送什麼,3,29,10.34%,3.34
婚佈價格,3,28,10.71%,2.21
入厝花,3,27,11.11%,2.7
婚禮看板,3,25,12%,2.32
台北插花課,3,24,12.5%,4.92
婚禮道具出租台北,3,23,13.04%,3.61
慶開幕送什麼,3,23,13.04%,5.26
哈利波特婚禮,3,20,15%,3.25
婚禮佈景,3,14,21.43%,4.79
佈置道具租借,3,13,23.08%,6.15
道具租借台北,3,10,30%,12.6
花店,2,3269,0.06%,11.3
大榮貨運,2,1079,0.19%,11.31
永生花,2,958,0.21%,4.78
花柱,2,663,0.3%,8
祝福生意越來越好,2,566,0.35%,7.78
永生花製作,2,561,0.36%,3.51
生意興隆祝賀詞,2,491,0.41%,4.46
生意祝賀詞,2,427,0.47%,3.13
入新居送禮,2,411,0.49%,2.47
業績祝賀詞,2,405,0.49%,4.89
拍照背板,2,284,0.7%,5.98
開幕,2,232,0.86%,7.92
婚禮佈置推薦,2,219,0.91%,14.68
玫瑰花語顏色,2,203,0.99%,4.66
婚禮場地佈置,2,187,1.07%,25.99
插花課,2,178,1.12%,6.59
戶外婚禮佈置,2,169,1.18%,13.75
玫瑰花語數量,2,159,1.26%,6.6
質感禮物,2,144,1.39%,5.76
交換禮物第一名,2,136,1.47%,6.38
中山 花店,2,124,1.61%,8.86
大榮寄貨,2,123,1.63%,7.37
送男生的花,2,120,1.67%,6.48
送老師的花,2,115,1.74%,3.61
開幕送禮推薦,2,114,1.75%,4.36
新居落成送什麼,2,113,1.77%,3.54
台北 花店,2,113,1.77%,9.19
胸花哪裡買,2,112,1.79%,7.79
結婚週年,2,96,2.08%,11.76
入厝送禮推薦,2,91,2.2%,3.14
鮮花胸花,2,82,2.44%,6.12
代表感謝老師的花,2,73,2.74%,2.27
祝賀開店,2,73,2.74%,2.85
送永生花好嗎,2,72,2.78%,4.14
生日花束推薦,2,69,2.9%,6.8
胸花製作,2,63,3.17%,7.57
入厝花盆,2,62,3.23%,3.15
5000元禮物女,2,62,3.23%,6.24
開幕 送禮,2,61,3.28%,7.03
開店送禮禁忌,2,60,3.33%,6.68
520送什麼,2,55,3.64%,5.33
開幕送禮禁忌,2,54,3.7%,11.07
背板出租,2,50,4%,2.24
美容開幕賀詞,2,48,4.17%,4.25
台北 花束,2,48,4.17%,9.44
婚禮拍照背板,2,47,4.26%,2.19
美髮店開幕賀詞,2,47,4.26%,2.26
送花的意義,2,47,4.26%,5.57
台北花藝課程,2,47,4.26%,7.21
3000元禮物女,2,44,4.55%,8.39
家裡可以擺永生花嗎,2,43,4.65%,2.05
朋友入厝送什麼,2,43,4.65%,4.19
有質感的禮物,2,42,4.76%,3.76
婚佈,2,42,4.76%,4.55
朋友開店要送什麼,2,41,4.88%,3.85
朋友開店送什麼好,2,41,4.88%,4.44
送女朋友什麼花,2,40,5%,1.75
婚禮背板需要嗎,2,40,5%,3.08
大榮貨運線上填單,2,40,5%,3.98
慶祝開幕 賀詞,2,40,5%,5.78
美甲店開幕賀詞,2,37,5.41%,2.62
新居落成要送什麼,2,37,5.41%,4.97
台北婚禮佈置,2,31,6.45%,2.48
朋友搬家要送什麼,2,31,6.45%,2.61
婚禮道具租借台中,2,31,6.45%,4
插花體驗,2,30,6.67%,5.43
婚禮裝飾,2,29,6.9%,5.62
大榮貨運預約,2,29,6.9%,8.34
台北花束推薦,2,28,7.14%,6.18
預算2000禮物,2,28,7.14%,6.86
2025 交換禮物,2,27,7.41%,16.04
聖誕交換禮物推薦,2,27,7.41%,16.48
婚禮背板設計,2,26,7.69%,2.58
台北花藝課程推薦,2,26,7.69%,3.92
劍潭花店,2,26,7.69%,4.73
長輩生日送什麼花,2,26,7.69%,8.38
開幕花籃祝賀詞,2,25,8%,1.36
婚禮桌面佈置,2,25,8%,4.32
信義區 花店,2,25,8%,10
芍藥花語,2,24,8.33%,3.17
520禮物女生,2,24,8.33%,4.67
辦公室交換禮物,2,24,8.33%,7.38
滿天星,2,22,9.09%,4.05
聖誕節交換禮物2000元,2,22,9.09%,5.45
大榮貨運取件,2,21,9.52%,7.86
婚禮 背板,2,20,10%,2.75
結婚紀念日 花,2,20,10%,3.45
婚禮佈置背板,2,19,10.53%,3.47
皮卡丘婚禮,2,18,11.11%,8.17
婚禮佈置公司,2,18,11.11%,14.83
滿天星花語,2,17,11.76%,2.71
花店 推薦,2,16,12.5%,6.81
結婚紀念日 慶祝,2,16,12.5%,7
台北鮮花,2,16,12.5%,11.69
送男朋友的花,2,15,13.33%,2.6
2000元交換禮物推薦,2,15,13.33%,5
聖誕交換禮物2000元,2,15,13.33%,6.27
開幕賀禮,2,14,14.29%,17.36
專櫃禮物推薦,2,13,15.38%,7.08
入厝送花,2,12,16.67%,1.75
送老師的花畢業,2,11,18.18%,1.18
店開幕送什麼,2,11,18.18%,2.55
婚禮花佈置,2,11,18.18%,5.55
哈利波特 婚禮,2,10,20%,3.3
婚禮背板 價格,2,10,20%,3.9
大榮 線上託運,2,10,20%,4
特別的聖誕禮物,2,10,20%,5.4
交換禮物推薦,2,9,22.22%,5.78
陽明山戶外婚禮價格,2,9,22.22%,8.78
玫瑰花擺放位置,2,7,28.57%,2.29
活動背板租借,2,6,33.33%,6.17
開店賀詞,1,853,0.12%,5.19
玫瑰花花語,1,772,0.13%,4.23
黃玫瑰花語,1,676,0.15%,5.34
白玫瑰,1,643,0.16%,1.33
開業賀詞,1,630,0.16%,7.04
結婚紀念日,1,504,0.2%,7.42
粉色玫瑰花語,1,404,0.25%,1.24
開幕祝賀詞,1,380,0.26%,3.68
白色玫瑰花語,1,359,0.28%,4.79
藍色玫瑰花語,1,353,0.28%,1.08
開店祝賀詞,1,291,0.34%,2.89
玫瑰 花語,1,290,0.34%,6.02
送永生花禁忌,1,281,0.36%,5.83
祝賀,1,276,0.36%,4.05
會場佈置,1,269,0.37%,2.24
紫色玫瑰花語,1,263,0.38%,1.02
玫瑰花,1,211,0.47%,2.55
結婚紀念日禮物,1,208,0.48%,6.11
玫瑰花顏色,1,202,0.5%,3.71
11朵玫瑰花語,1,195,0.51%,3.26
玫瑰顏色花語,1,185,0.54%,2.76
開幕誌慶賀詞,1,171,0.58%,7.11
大榮貨運到府收件預約,1,171,0.58%,11.57
場地佈置,1,170,0.59%,9.12
告白送什麼花,1,148,0.68%,2.21
祝福生意興隆,1,142,0.7%,4.07
祝福事業蒸蒸日上,1,139,0.72%,4.86
入厝禮要送什麼,1,128,0.78%,4.92
花框,1,127,0.79%,4.03
台北花束,1,122,0.82%,9.41
玫瑰花招桃花,1,113,0.88%,2.28
開店祝賀,1,109,0.92%,3.83
白玫瑰花語生命的結束,1,107,0.93%,5.14
餐廳開幕賀詞,1,106,0.94%,4.32
開店送什麼,1,105,0.95%,2.78
賀詞範本,1,105,0.95%,7.41
抽到捧花單身,1,104,0.96%,7.97
台北車站花店推薦,1,102,0.98%,9.45
開業祝賀詞,1,100,1%,7.92
插花課程,1,100,1%,9.16
開幕祝賀,1,89,1.12%,2.13
工作室開幕送禮,1,82,1.22%,7.82
祝福生意興隆的話,1,81,1.23%,1.11
花拱門,1,81,1.23%,1.69
附近花店推薦,1,79,1.27%,6.16
搬新家 送禮,1,75,1.33%,7.05
台北市花店,1,75,1.33%,7.96
新店開幕賀詞,1,74,1.35%,3.08
婚禮花藝,1,74,1.35%,17.69
玫瑰顏色意思,1,73,1.37%,2.74
商業祝福語,1,73,1.37%,3.53
康乃馨花語,1,73,1.37%,3.88
婚禮佈置價錢,1,72,1.39%,17
送花給女生,1,71,1.41%,6.68
開幕禮,1,69,1.45%,7.78
花藝課,1,68,1.47%,11.75
好禮物,1,67,1.49%,6.88
永生花風水化解,1,66,1.52%,4.14
永生花 台北,1,66,1.52%,8.05
手腕花,1,65,1.54%,2.83
信義區花店推薦,1,65,1.54%,8.91
送給老師的花,1,62,1.61%,3.13
抽到捧花的意思,1,62,1.61%,6.82
5000元精品禮物,1,61,1.64%,6.92
大榮線上托運,1,60,1.67%,3.15
開幕賀卡內容,1,60,1.67%,5.78
公司開幕賀詞,1,60,1.67%,6.73
捧花可以自己留著嗎,1,60,1.67%,12.17
士林花店推薦,1,59,1.69%,5.97
家裡大榮網路託運平台,1,59,1.69%,8.58
餐廳開幕送禮,1,57,1.75%,4.05
開店祝福,1,57,1.75%,6.54
大榮貨運寄件,1,56,1.79%,5.59
去別人新家要帶什麼,1,55,1.82%,3.67
畢業花束推薦,1,54,1.85%,7.76
開店要送什麼,1,53,1.89%,5.08
畢業花,1,53,1.89%,5.49
餐飲開幕賀詞,1,53,1.89%,6.04
大榮叫件,1,51,1.96%,6.04
招桃花的花,1,50,2%,2.5
搬家禮物,1,50,2%,4.2
台北永生花,1,48,2.08%,8.56
場地布置,1,48,2.08%,9.67
玫瑰 顏色 花語,1,47,2.13%,2.83
送花推薦,1,47,2.13%,4.19
花藝課程費用,1,47,2.13%,4.7
開業送什麼,1,46,2.17%,4.72
生日花束圖片,1,46,2.17%,7.13
中山區花店推薦,1,46,2.17%,7.72
新居落成,1,44,2.27%,1.2
巨型花,1,44,2.27%,4.64
禮物清單,1,44,2.27%,4.95
結婚胸花怎麼別,1,44,2.27%,5.98
生日送花禁忌,1,44,2.27%,7.43
便宜又有質感的禮物,1,43,2.33%,4.05
嘉里大榮託運,1,43,2.33%,5.14
禮金桌,1,43,2.33%,6.58
結婚胸花哪裡買,1,43,2.33%,6.81
大理石背板,1,42,2.38%,1.79
敬賀平輩,1,42,2.38%,7.29
生日可以送什麼花,1,41,2.44%,4.56
大榮線上,1,41,2.44%,5
教師節花束,1,41,2.44%,6.34
送永生花給女生,1,40,2.5%,4.33
九朵玫瑰花語,1,39,2.56%,1.54
房間放什麼招桃花,1,39,2.56%,2.85
迎賓茶,1,39,2.56%,3.1
開店 送禮,1,39,2.56%,3.31
事業祝賀詞,1,39,2.56%,5.92
結婚背板出租,1,38,2.63%,3.63
房間放花招桃花,1,38,2.63%,7.05
七夕禮物 女友,1,38,2.63%,9.53
情人節禮物推薦,1,38,2.63%,10.32
朋友新居落成要送什麼,1,37,2.7%,5.14
店開幕要送什麼,1,37,2.7%,5.35
房屋銷售祝賀詞,1,37,2.7%,5.59
祝生意興隆的賀詞,1,37,2.7%,5.7
背板是什麼,1,36,2.78%,4.69
開幕適合送什麼,1,36,2.78%,4.83
送男生花,1,36,2.78%,8.03
1朵玫瑰花語,1,36,2.78%,9.17
婚禮走道佈置,1,36,2.78%,14.44
送情人的花,1,35,2.86%,2.29
花藝證照比較,1,35,2.86%,3.89
婚宴布置,1,35,2.86%,6.43
畢業送花,1,35,2.86%,6.91
飲料店開幕賀詞,1,34,2.94%,6.38
祝賀開幕賀詞,1,33,3.03%,3.52
花藝佈置,1,33,3.03%,12.88
大榮貨運 線上託運,1,32,3.12%,3.34
開幕祝福,1,32,3.12%,6.88
入厝花束,1,31,3.23%,1.1
捧花什麼時候拿,1,31,3.23%,1.94
花店開幕要送什麼,1,31,3.23%,3.81
適合送男友的花,1,31,3.23%,4.19
捧花推薦,1,31,3.23%,8.32
場地佈置費用,1,31,3.23%,11.65
男生送花給女生,1,30,3.33%,2.63
大榮貨運線上託運,1,30,3.33%,3.27
送人禮物,1,30,3.33%,5.33
花藝佈置價格,1,29,3.45%,2.76
結婚背板佈置,1,29,3.45%,3.79
入厝可以送什麼,1,29,3.45%,4.72
新家禮物,1,28,3.57%,1.57
永生花保存,1,27,3.7%,2.48
朋友店開幕要送什麼,1,27,3.7%,5.07
朋友送花,1,27,3.7%,7.19
永生花製作過程,1,26,3.85%,3.62
美式婚禮佈置,1,26,3.85%,14.04
花語感謝老師,1,25,4%,1.24
戶外婚禮佈置費用,1,25,4%,5.04
送女生的花,1,24,4.17%,5.67
大榮貨運線上托運ptt,1,24,4.17%,6.21
台北 花店 推薦,1,24,4.17%,6.54
新娘捧花,1,24,4.17%,18.83
玫瑰花束幾朵,1,23,4.35%,2.09
開店 祝賀詞,1,23,4.35%,3
店面開幕送禮,1,23,4.35%,3.22
花語 友情,1,23,4.35%,3.39
新娘捧花推薦,1,23,4.35%,5.3
大榮物流網路託運平台,1,23,4.35%,9.48
婚禮背板尺寸,1,23,4.35%,9.48
長期花藝課程台北,1,22,4.55%,2
婚禮背板布置,1,22,4.55%,2.36
開新店祝賀詞,1,22,4.55%,3.45
520可以送什麼,1,22,4.55%,5.36
台北 花藝課,1,22,4.55%,8.64
台北 送花,1,22,4.55%,9.18
道具租借,1,22,4.55%,13
520 禮物,1,22,4.55%,14.05
同事新居落成禮物,1,21,4.76%,3.05
美容業開幕賀詞,1,21,4.76%,3.67
台北鮮花店,1,21,4.76%,7.86
特別的畢業花束,1,21,4.76%,9.71
祝賀業績詞,1,20,5%,2.15
新店開幕送什麼,1,20,5%,5
2000元聖誕禮物,1,20,5%,8.65
咖啡廳開幕賀詞,1,19,5.26%,5.16
情人送花,1,19,5.26%,5.26
520送禮,1,19,5.26%,5.68
婚礼布置,1,19,5.26%,10.21
大人交換禮物,1,18,5.56%,1.33
七天高端送花,1,18,5.56%,3.17
高質感禮物,1,18,5.56%,4.11
情人节礼物,1,18,5.56%,5.39
婚禮舞台布置,1,18,5.56%,6.22
萬華區花店,1,18,5.56%,6.83
婚禮胸花哪裡買,1,18,5.56%,8.11
謝師花束,1,18,5.56%,8.78
新娘捧花一定要鮮花嗎,1,18,5.56%,10.33
玫瑰花束搭配,1,17,5.88%,1.18
做生意祝賀詞,1,17,5.88%,5.12
新家送什麼,1,17,5.88%,5.65
參觀新家禮物,1,17,5.88%,6.06
祝福業績長紅,1,17,5.88%,6.53
台北捧花推薦,1,17,5.88%,7.24
政大企家班41屆錄取名單,1,17,5.88%,8.65
開店送禮水晶,1,17,5.88%,9.53
婚禮拱門佈置,1,16,6.25%,2.12
分束捧花怎麼抽,1,16,6.25%,2.94
開業賀卡,1,16,6.25%,4
婚禮鮮花佈置價錢,1,16,6.25%,4.19
入厝要送什麼禮物,1,16,6.25%,4.56
婚禮相簿桌佈置,1,16,6.25%,5.88
送老師花,1,16,6.25%,7.62
開幕送什麼比較好,1,15,6.67%,1.4
新家送禮,1,15,6.67%,3.33
紀念日送什麼,1,15,6.67%,3.87
朋友店開幕 送什麼,1,15,6.67%,4.73
婚宴背板佈置,1,15,6.67%,4.8
美軍俱樂部婚禮菜單,1,15,6.67%,7.13
情人節 禮物,1,15,6.67%,36.13
婚禮捧花,1,14,7.14%,2.57
約會送花,1,14,7.14%,3.43
花蓮戶外婚禮費用,1,14,7.14%,4.29
婚禮花藝布置,1,14,7.14%,4.79
送女生什麼花,1,14,7.14%,6.29
美髮開幕賀詞,1,14,7.14%,6.57
陽明山美軍俱樂部 婚禮,1,14,7.14%,7.14
交換禮物地雷,1,14,7.14%,8.14
婚禮背板diy,1,14,7.14%,8.71
開幕活動文案,1,14,7.14%,9.29
情人節送禮,1,14,7.14%,17.93
禮物推薦,1,14,7.14%,26.29
9支玫瑰花語,1,13,7.69%,2.46
結婚週年 花,1,13,7.69%,2.69
生日快樂花,1,13,7.69%,7.92
女友生日禮物5000,1,13,7.69%,8.31
教堂婚禮佈置費用,1,12,8.33%,1.42
2025入厝禮,1,12,8.33%,2.08
創業祝賀詞,1,12,8.33%,2.17
交換禮物首選,1,12,8.33%,4.17
開業要送什麼,1,12,8.33%,5.75
朋友買新房要送什麼,1,12,8.33%,6.25
生日花禮,1,12,8.33%,6.25
特別花束,1,12,8.33%,9.5
婚禮場地佈置費用,1,11,9.09%,1.36
康乃馨 花語,1,11,9.09%,4.36
送老師的花束,1,11,9.09%,5.09
胸花 鮮花,1,11,9.09%,5.73
有心意的禮物,1,11,9.09%,11.18
大榮貨運官網,1,11,9.09%,15.55
交換禮物 2025,1,11,9.09%,19.64
新家禮物推薦,1,10,10%,2.4
2026畢業花束,1,10,10%,3.7
結婚場地佈置,1,10,10%,5.1
婚禮風格,1,10,10%,5.7
男生送女生花,1,10,10%,6.2
聖誕禮物推薦2025,1,10,10%,22.1
情人節鮮花,1,9,11.11%,5.56
插花教室,1,9,11.11%,5.56
入厝禮可以送什麼,1,9,11.11%,6
相本桌佈置,1,9,11.11%,6.11
開幕賀詞範例,1,9,11.11%,6.56
生意興隆 祝賀詞,1,8,12.5%,3.25
教師節送花,1,8,12.5%,3.62
1000元精品禮物,1,8,12.5%,4.38
佈置背板,1,8,12.5%,4.38
2026辦公桌風水擺設,1,8,12.5%,6.12
開店賀禮,1,8,12.5%,25.12
housewarming 禮物,1,7,14.29%,1
新居落成送花,1,7,14.29%,2
婚禮佈置 台中,1,7,14.29%,4
生日背板出租,1,7,14.29%,4.71
5000禮物,1,7,14.29%,6.14
婚禮迎賓區,1,7,14.29%,6.29
中式婚宴佈置,1,7,14.29%,6.71
台南婚禮佈置小資,1,7,14.29%,7.14
陽明山婚宴場地,1,7,14.29%,12
台北永生花店推薦,1,6,16.67%,2
婚宴會場佈置,1,6,16.67%,2
朋友新家送什麼,1,6,16.67%,3.67
迎賓板,1,6,16.67%,5.5
2026生日禮物推薦,1,6,16.67%,6
平價花束,1,6,16.67%,6.17
送老師花束,1,6,16.67%,7.83
女生送男生玫瑰花,1,6,16.67%,9.67
咖啡色禮物,1,6,16.67%,10
婚禮照片牆,1,6,16.67%,11.83
情人節 花束,1,6,16.67%,11.83
復古道具租借,1,6,16.67%,13
小資戶外婚禮dcard,1,5,20%,1
新家落成,1,5,20%,1.6
滿天星 花語,1,5,20%,2.2
花藝學習,1,5,20%,4
結婚胸花誰準備,1,5,20%,5
辦公室交換禮物推薦,1,5,20%,5.2
告白送花dcard,1,5,20%,5.6
餐飲業祝賀詞,1,5,20%,7
婚禮復古電視機,1,5,20%,9.8
求婚花束價格,1,5,20%,10
畫架租借,1,5,20%,14.6
會場 布置,1,4,25%,1
開幕文章怎麼打,1,4,25%,1
簡約婚禮背板,1,4,25%,3.5
女朋友生日送花,1,4,25%,8.25
3000-4000禮物,1,4,25%,8.75
畢業花束價格,1,4,25%,11.5
台北 捧花,1,4,25%,12.75
手綁花,1,4,25%,14.25
畢業送老師什麼花,1,3,33.33%,1
黑色玫瑰的花語,1,3,33.33%,1
生日玫瑰花,1,3,33.33%,1.33
永生花是什么意思,1,3,33.33%,1.67
畢業花束價錢,1,3,33.33%,1.67
永生胸花,1,3,33.33%,3
聖誕節禮物,1,3,33.33%,3
辦公桌風水佈局2026,1,3,33.33%,5
開張祝賀語,1,3,33.33%,5.33
婚禮胸花名牌,1,3,33.33%,6
畢業花束平價,1,3,33.33%,6.67
6000元禮物,1,3,33.33%,8.67
藍紫色花束,1,3,33.33%,13
插花 班,1,2,50%,1
村花弄囍婚禮佈置,1,2,50%,1
戶外婚禮費用ptt,1,2,50%,1.5
主題板,1,2,50%,2.5
第一次見面送什麼花,1,2,50%,4
適合送給朋友的禮物,1,2,50%,6.5
索拉花,1,2,50%,8
朋友搬新家送什么礼物,1,2,50%,9
3000元禮物 推薦,1,2,50%,11
畢業花束訂製,1,2,50%,12
大型道具租借,1,2,50%,14
結婚30週年慶祝,1,2,50%,14
入厝禮 家電,1,2,50%,15.5
新居 禮物,1,2,50%,26.5
乾燥花店,1,1,100%,1
台北,1,1,100%,3
寓意好的植物,1,1,100%,3
入厝日子,1,1,100%,4
水彩花園,1,1,100%,4
結婚週年禮物送老婆,1,1,100%,4
詳細,1,1,100%,4
結婚32年是什麼婚,1,1,100%,5
台灣租借,1,1,100%,7
辦公桌風水2026,1,1,100%,7
畢業,1,1,100%,14
情人節花束 2026,1,1,100%,17
聖誕交換禮物2025,1,1,100%,23
有效的招桃花方法2026,1,1,100%,25
鮮花捧花價格,1,1,100%,28
交換禮物 紅色,1,1,100%,32
木玫瑰花語,1,1,100%,76
永生花是什麼,0,701,0%,1.65
紫玫瑰花語,0,512,0%,1.05
粉玫瑰花語,0,412,0%,1.57
嘉里大榮物流網路託運平台,0,410,0%,8.99
黑玫瑰花語,0,291,0%,5.2
香檳玫瑰花語,0,274,0%,1.27
大榮網路託運平台,0,272,0%,8.25
紅玫瑰花語,0,260,0%,1.5
祝福公司的吉祥話,0,256,0%,2.52
粉紅玫瑰花語,0,255,0%,3.02
中山花店,0,252,0%,9.32
金架,0,232,0%,2.54
結婚紀念日如何慶祝,0,216,0%,4.25
大榮託運,0,213,0%,7.13
場佈,0,210,0%,3.22
大榮貨運線上托運,0,207,0%,3.72
適合送朋友的花,0,206,0%,7.21
事業祝福語四字,0,201,0%,5.43
佈置,0,192,0%,9.12
結婚週年名稱及意義,0,191,0%,9.87
入厝禮物,0,189,0%,4.7
白玫瑰 花語,0,187,0%,4.98
水泥,0,186,0%,6.12
布置,0,178,0%,10.52
婚宴佈置,0,173,0%,8.92
朋友開店祝賀,0,172,0%,5.01
新居落成伴手禮,0,171,0%,2.46
黑色玫瑰花語,0,158,0%,6.12
接到捧花多久要結婚,0,156,0%,9.59
9朵玫瑰花語,0,147,0%,2.88
嘉里大榮網路託運平台,0,145,0%,8.85
送花,0,144,0%,4.62
婚禮現場佈置,0,144,0%,14.96
七夕情人節日期2026,0,143,0%,8.45
玫瑰花 花語,0,128,0%,3.55
開幕禮物,0,128,0%,6.38
情人節花,0,128,0%,6.52
祝賀詞事業,0,127,0%,3.73
台北質感花店,0,127,0%,8.43
抽捧花人選單身,0,127,0%,9.26
情人節禮物,0,127,0%,17.23
藍玫瑰 花語,0,125,0%,1.19
康乃馨花束,0,122,0%,1.87
玫瑰的花語,0,122,0%,7.66
去別人新家要帶什麼dcard,0,121,0%,1.17
抽捧花人數,0,120,0%,2.21
婚禮舞台佈置,0,119,0%,11.14
恭賀詞大全,0,117,0%,1.79
情人花,0,117,0%,6.72
祝生意興隆,0,113,0%,5.25
舞台佈置,0,113,0%,9.44
開幕賀卡,0,112,0%,7.16
毕业花束用什么花,0,112,0%,9.43
祝生意興隆賀詞,0,109,0%,4.96
入厝送禮送什麼,0,109,0%,5.76
抽到捧花,0,109,0%,8.64
玫瑰花顏色花語,0,107,0%,5.39
水泥牆,0,106,0%,1
告白要送什麼花,0,106,0%,3.95
質感實用禮物,0,106,0%,6.31
香檳玫瑰 花語,0,105,0%,1.1
結婚胸花準備幾個,0,105,0%,9.51
美軍俱樂部婚宴,0,104,0%,9.95
花店附近,0,103,0%,4.01
七夕禮物推薦,0,102,0%,3.69
入厝送禮禁忌,0,100,0%,2.2
賀詞,0,98,0%,8.13
白玫瑰寓意,0,97,0%,5.59
玫瑰顏色,0,97,0%,6.1
黃玫瑰 花語,0,96,0%,2.91
祝福公司生意興隆,0,95,0%,5
12朵玫瑰花語,0,92,0%,9.26
情人節花束推薦,0,90,0%,3.28
啤酒桶,0,88,0%,1.38
黃色玫瑰花語,0,88,0%,3.9
七夕禮物 男友,0,88,0%,6.89
婚禮佈置方案,0,87,0%,4.98
大榮託運平台,0,86,0%,8.64
大榮線上預約,0,85,0%,5.02
大榮貨運網路託運平台,0,84,0%,6.85
粉紅色玫瑰花語,0,83,0%,2.63
祝賀開幕詞,0,82,0%,2.51
開店祝福語,0,82,0%,3.61
朋友搬新家要送什麼,0,82,0%,4.22
一朵玫瑰花,0,81,0%,6.01
生意興隆的祝賀詞,0,81,0%,8.27
婚宴場地佈置,0,81,0%,17.86
入伙禮物,0,80,0%,1.26
毕业花束推荐,0,80,0%,3.77
開幕 賀詞,0,80,0%,5.42
中山區花店,0,79,0%,9.76
婚宴佈置費用,0,78,0%,14.04
婚禮背景佈置,0,78,0%,14.73
生日適合送什麼花,0,77,0%,4.45
大榮托運,0,77,0%,6.95
祝賀開幕,0,76,0%,2.32
永生花店,0,76,0%,15.84
開業大吉,0,75,0%,7.16
業績長紅祝福,0,75,0%,7.44
求婚花束幾朵,0,74,0%,7.03
水彩花,0,73,0%,2.23
祝福事業,0,72,0%,7.68
業績長紅祝賀詞,0,72,0%,9.08
結婚佈置,0,71,0%,4.55
祝福開店賀詞,0,71,0%,4.8
母親節花束推薦,0,71,0%,8.49
送女生花,0,70,0%,2.74
玫瑰花的花語,0,70,0%,9.83
捧花意思,0,69,0%,1.3
大榮托運平台,0,69,0%,6.83
site:www.weddingwishlove.com,0,68,0%,1
送女朋友花,0,68,0%,2.97
附近花店,0,68,0%,4.96
台北商業活動布置,0,67,0%,28.4
婚宴佈置價格,0,66,0%,24.79
33朵玫瑰花語,0,65,0%,7.77
白玫瑰的花語,0,64,0%,4.58
大榮後台,0,64,0%,8.95
大亨小傳,0,63,0%,1.78
公司祝賀詞,0,63,0%,2.21
士林 花店,0,63,0%,8.16
舞台布置,0,63,0%,8.22
台北送花,0,63,0%,9.56
婚禮佈景板,0,63,0%,53.22
白色玫瑰,0,62,0%,1.03
情人節送花,0,61,0%,5.34
開幕要送什麼,0,61,0%,5.62
玫瑰花語錄,0,60,0%,1.65
生日快樂花束,0,60,0%,6.65
生意興隆蒸蒸日上,0,60,0%,9.37
祝賀公司賀詞,0,59,0%,3.51
情人節送什麼給女友,0,59,0%,10.93
玫瑰花語大全,0,58,0%,2.21
木拱門佈置,0,58,0%,2.57
抽到捧花怎麼處理,0,58,0%,6.22
開幕賀詞有趣dcard,0,58,0%,6.26
情人節禮物排行榜,0,58,0%,15.4
中秋送禮,0,57,0%,2.56
朋友入厝禮,0,57,0%,2.86
告白適合送什麼花,0,57,0%,4.42
禮盒 飯店 ($2500到 $4000之間),0,57,0%,6.19
會場布置,0,56,0%,1.59
抽捧花方式,0,56,0%,2.11
送禮物,0,56,0%,2.2
婚禮舞台,0,56,0%,4.2
生日 花束,0,56,0%,10.2
信義區花店,0,56,0%,10.5
送花數量的意義,0,55,0%,5.45
結婚 25 週年 禮物,0,55,0%,8.49
2026七夕情人節,0,55,0%,9.87
white rose,0,54,0%,1.28
新居落成禮物ptt,0,54,0%,2.7
交往紀念日送花,0,54,0%,3.44
生意長紅,0,54,0%,3.61
入厝盆栽,0,54,0%,4.48
不同顏色玫瑰花語,0,54,0%,5.04
背版,0,54,0%,5.57
送永生花的意思,0,54,0%,8.74
嘉里大榮託運平台,0,54,0%,9.94
事業蒸蒸日上,0,53,0%,7.42
業務祝賀詞,0,52,0%,2.79
開業祝福語,0,52,0%,3.27
黃色玫瑰花花語,0,52,0%,4.25
公司開幕祝賀詞,0,52,0%,5.46
適合送男生的花,0,52,0%,8.6
公司喬遷花籃賀詞,0,51,0%,1.53
告白送花時機,0,51,0%,3.39
婚禮 胸花,0,51,0%,4.02
大安區花店,0,51,0%,7.76
律師事務所開幕送禮,0,51,0%,9.86
仿真花佈置,0,51,0%,16.06
新居落成盆栽,0,50,0%,1.2
開幕吉祥話,0,50,0%,2.66
黑玫瑰的花語,0,50,0%,3.26
開幕致詞,0,50,0%,3.96
生日要送什麼花,0,50,0%,5.56
插花班,0,50,0%,8.42
紫玫瑰 花語,0,49,0%,1
新家入厝送禮,0,49,0%,1.53
婚禮拱門,0,49,0%,1.78
小軒窗,0,49,0%,3.29
佈置會場,0,49,0%,8.22
七夕禮物,0,49,0%,13.55
婚禮一定要胸花嗎,0,48,0%,3.35
花藝課程台北,0,48,0%,6.25
婚禮桌佈置,0,48,0%,8.73
粉色玫瑰,0,47,0%,1
香檳玫瑰的花語,0,47,0%,3.68
大榮網路託運,0,47,0%,6.47
戶外佈置,0,47,0%,22.26
生意好的祝賀詞,0,46,0%,3.39
家裡放永生花好嗎,0,46,0%,4.72
慶祝開幕英文,0,46,0%,5.43
生意興隆 祝賀,0,45,0%,1.42
畢業送什麼花,0,45,0%,3.58
黑色玫瑰花花語,0,45,0%,5.69
圓拱門,0,45,0%,6.2
教师节花束,0,45,0%,8.11
送禮推薦,0,45,0%,53.73
圓形拱門,0,44,0%,1.16
開幕盆栽禁忌,0,44,0%,1.95
玫瑰花風水,0,44,0%,2.68
藍玫瑰的花語,0,44,0%,2.7
99朵玫瑰花語,0,44,0%,3.23
永生花門市,0,44,0%,9.25
接捧花,0,44,0%,9.82
捧花一定要送出去嗎,0,43,0%,1.23
週年紀念日,0,43,0%,4.95
祝開幕賀詞,0,43,0%,5.23
陽明山婚禮,0,43,0%,7.28
附近花店400公尺內,0,43,0%,9.02
鮮花店,0,43,0%,11.35
七夕节送花花束搭配建议,0,42,0%,2.24
招桃花要買什麼花,0,42,0%,3.48
永生花可以放多久,0,42,0%,3.48
結婚送花,0,42,0%,6.19
送朋友的花,0,42,0%,7.31
胸花怎麼別,0,42,0%,7.83
婚禮 佈置,0,42,0%,16.05
情人節 禮物排行榜,0,42,0%,21.19
入厝禮 推薦,0,41,0%,2.46
入厝 送禮,0,41,0%,3.66
白玫瑰意思,0,41,0%,4.1
搬家送禮,0,41,0%,4.41
開店吉祥話,0,41,0%,5.46
黃玫瑰的花語,0,41,0%,5.68
抽捧花意義,0,41,0%,7.66
永生花 推薦,0,41,0%,7.66
大榮寄件,0,41,0%,8.2
小捧花,0,41,0%,9.17
一朵玫瑰,0,40,0%,1.27
結婚 胸花,0,40,0%,3.77
會場怖置,0,40,0%,4.08
開幕志慶,0,40,0%,4.12
結婚紀念日禮物推薦,0,40,0%,4.42
開幕可以送什麼,0,40,0%,5.55
台北便宜花店,0,40,0%,7.88
捧花意義,0,40,0%,8.07
活動順利賀詞,0,40,0%,8.78
七夕花,0,39,0%,2.92
對公司祝福語,0,39,0%,3.23
情侶送花,0,39,0%,3.36
永生花價格,0,39,0%,6.05
咖啡店開幕賀詞,0,39,0%,6.23
2000元專櫃禮物,0,39,0%,6.38
抽到捧花多久要結婚,0,39,0%,9.1
開業禮物,0,39,0%,9.87
接到捧花,0,39,0%,10.1
入厝紅包,0,38,0%,1.16
好友入厝禮物ptt,0,38,0%,1.18
送女友花,0,38,0%,1.71
賀卡寫法,0,38,0%,2.71
搬家送什麼禮物,0,38,0%,5.76
送人,0,38,0%,5.95
台北高級花店,0,38,0%,8.29
玫瑰花寓意,0,38,0%,9.87
敬賀,0,37,0%,3.08
粉玫瑰花語數量,0,37,0%,3.68
活動成功祝賀詞,0,37,0%,5.51
開幕大吉,0,37,0%,5.89
一朵玫瑰花語,0,37,0%,6.86
祝開店賀詞,0,37,0%,7.97
入新居送什麼好,0,37,0%,9.89
玫瑰寓意,0,37,0%,10.08
婚禮會場佈置,0,37,0%,10.59
婚禮皮卡丘,0,37,0%,11.03
場佈意思,0,37,0%,12.32
粉玫瑰 花語,0,36,0%,1.44
開店開幕賀詞範例,0,36,0%,2.67
捧花禁忌,0,36,0%,2.83
軒窗,0,36,0%,3.14
生意祝福語,0,36,0%,3.17
女生喜歡的花,0,36,0%,4.56
祝賀開店詞,0,36,0%,6.89
入醋禮,0,36,0%,7.31
禮金桌佈置,0,36,0%,7.53
囍茶,0,36,0%,10.86
戶外婚禮天氣備案,0,36,0%,18.67
活動背板價格與尺寸,0,36,0%,75.33
家裡可以放永生花嗎,0,35,0%,2.2
入厝伴手禮,0,35,0%,2.49
祝福店家的話,0,35,0%,3.09
恭喜開幕,0,35,0%,3.57
玫瑰花可以放房間嗎,0,35,0%,3.97
入促禮,0,35,0%,4
生日花推荐,0,35,0%,5.51
祝賀開店賀詞,0,35,0%,5.51
大榮貨運託運,0,35,0%,6.06
永生花 風水,0,35,0%,6.66
花結尾的東西,0,35,0%,10.49
什麼是永生花,0,34,0%,1.12
賀詞範例,0,34,0%,3.32
祝福生意興隆的成語,0,34,0%,3.35
佈置出租,0,34,0%,4.15
接到捧花的意思,0,34,0%,6.29
5000元禮物,0,34,0%,6.5
情人節可以送什麼,0,34,0%,6.79
送花意思,0,34,0%,6.91
台北哪裡買花便宜,0,34,0%,7.65
中秋送禮排行榜,0,34,0%,7.91
開業吉祥話,0,34,0%,8.38
沒抽到捧花的禮物,0,34,0%,10.71
嘉里大榮到府收件,0,34,0%,12.62
背板佈置 婚禮,0,33,0%,1.18
永生花是真花嗎,0,33,0%,2.39
金色拱門,0,33,0%,2.42
開店的祝賀詞,0,33,0%,2.88
送男朋友花,0,33,0%,2.94
玫瑰花 顏色,0,33,0%,3.27
新家入厝禮,0,33,0%,3.52
祝開業賀詞,0,33,0%,3.7
结婚胸花,0,33,0%,4.64
2026年5月20日 节日礼物推荐,0,33,0%,4.79
展覽成功祝賀詞,0,33,0%,5
花店台北推薦,0,33,0%,6.97
4000元禮物女,0,33,0%,8.03
柳婚 禮物,0,33,0%,9.12
情人節禮物推薦女,0,33,0%,13.94
入厝花禮,0,32,0%,1.66
白玫瑰花語數量,0,32,0%,1.88
大榮貨運託運單申請,0,32,0%,2.12
送女朋友的花,0,32,0%,2.91
祝事業賀詞,0,32,0%,3.62
大榮貨運叫件,0,32,0%,4.78
背板佈置公司,0,32,0%,5.06
黃玫瑰代表,0,32,0%,5.06
朋友開幕送什麼,0,32,0%,5.28
6000元禮物推薦,0,32,0%,6.56
開幕志慶賀詞,0,32,0%,9
情人節 花,0,32,0%,9.44
手腕花意義,0,32,0%,10.69
適合男生的花,0,32,0%,11.09
情人節送什麼給男友,0,32,0%,12.19
襟花,0,31,0%,1
抽捧花禁忌,0,31,0%,1.26
各色玫瑰花語,0,31,0%,3.52
佈置場地,0,31,0%,4.06
黑玫瑰 花語,0,31,0%,5
白色玫瑰 花語,0,31,0%,5.61
大安花店,0,31,0%,6.68
陽明山 婚禮,0,31,0%,7.16
大榮平台,0,31,0%,9.23
萬華花店,0,31,0%,9.26
便宜花店,0,31,0%,9.42
橘色康乃馨花語,0,31,0%,11.29
朋友開店送什麼花,0,31,0%,11.52
生日送咩花,0,30,0%,1.7
黑白玫瑰花語,0,30,0%,1.77
結婚5年是什麼婚,0,30,0%,2.1
告白送花,0,30,0%,2.23
藍白玫瑰花語,0,30,0%,2.8
婚禮佈置價格dcard,0,30,0%,3.03
台北花藝教室,0,30,0%,3.27
結婚25週年禮物,0,30,0%,4.43
結婚30週年禮物,0,30,0%,4.47
開店賀卡,0,30,0%,6.73
陽明山戶外婚禮,0,30,0%,7.47
花店台北,0,30,0%,8.13
約會送花時機,0,30,0%,8.17
開業祝福,0,30,0%,9.53
婚禮佈置規劃,0,30,0%,9.73
交換禮物要送什麼,0,29,0%,1
永生花是真花吗,0,29,0%,1
玫瑰象徵什麼,0,29,0%,1
美髮業開幕賀詞,0,29,0%,1.72
新居落成送禮,0,29,0%,2.62
生日花,0,29,0%,2.66
捧花的意義,0,29,0%,3.62
花語數量,0,29,0%,3.72
祝福生意,0,29,0%,4.28
結婚紀念日送什麼,0,29,0%,4.41
玫瑰花顏色含義,0,29,0%,4.76
入厝禮送什麼,0,29,0%,5.41
開店祝賀語,0,29,0%,5.59
祝福開店,0,29,0%,5.76
大榮貨運預約取件,0,29,0%,6.21
花束班,0,29,0%,6.86
萬華花店推薦,0,29,0%,7.69
舞台背板,0,29,0%,8.55
入新居禮物清單,0,29,0%,9.1
婚禮花藝diy,0,29,0%,34
永生花是假花嗎,0,28,0%,1
教師節送什麼花,0,28,0%,2.93
開幕祝福語,0,28,0%,4.89
新居落成 禮物,0,28,0%,4.93
祝賀新店開幕,0,28,0%,5.25
健身房開幕賀詞,0,28,0%,5.36
公司開幕送什麼,0,28,0%,5.71
開店適合送什麼,0,28,0%,5.79
開幕花籃賀詞,0,28,0%,5.82
胸花配戴,0,28,0%,6.71
展出成功,0,28,0%,6.75
展出成功賀詞,0,28,0%,6.82
搬家送什麼,0,28,0%,6.86
2026 七夕情人節,0,28,0%,7.93
村花的日记,0,28,0%,9.04
業績長紅賀詞,0,28,0%,9.11
台北活動布置,0,28,0%,28.29