熱門網頁,點擊,曝光,點閱率,排名
https://content.weddingwishlove.com/1455/,503,43743,1.15%,4.9
https://www.weddingwishlove.com/,494,8808,5.61%,10.14
https://content.weddingwishlove.com/1385/,399,13192,3.02%,5.28
https://content.weddingwishlove.com/1854/,330,13642,2.42%,6.23
https://content.weddingwishlove.com/1657/,309,17882,1.73%,3.95
https://content.weddingwishlove.com/1824/,251,12354,2.03%,7.04
https://content.weddingwishlove.com/1488/,201,14491,1.39%,8.59
https://content.weddingwishlove.com/545/,183,15380,1.19%,5.17
https://www.weddingwishlove.com/product-category/product-weddingwish/rent-items/backdrop-all/backdrop/,183,4445,4.12%,4.73
https://content.weddingwishlove.com/1292/,138,4765,2.9%,5.92
https://www.weddingwishlove.com/product-category/product-weddingwish/rent-items/single-item/,129,1513,8.53%,4.26
https://content.weddingwishlove.com/758/,128,7090,1.81%,4.8
https://content.weddingwishlove.com/1728/,125,30849,0.41%,4.4
https://www.weddingwishlove.com/kerry/,116,9465,1.23%,7.52
https://content.weddingwishlove.com/1697/,107,6488,1.65%,5.81
https://content.weddingwishlove.com/1802/,94,2637,3.56%,6.53
https://content.weddingwishlove.com/1177/,86,2987,2.88%,6.51
https://content.weddingwishlove.com/873/,78,4974,1.57%,6.05
https://content.weddingwishlove.com/1760/,64,2982,2.15%,5.02
https://www.weddingwishlove.com/product-category/product-weddingwish/wedding-deco/,58,3357,1.73%,14.84
https://content.weddingwishlove.com/1153/,54,2870,1.88%,4.08
https://content.weddingwishlove.com/2403/,51,1285,3.97%,5.47
https://content.weddingwishlove.com/694/,48,6195,0.77%,6.28
https://content.weddingwishlove.com/509/,43,7248,0.59%,4.26
https://www.weddingwishlove.com/weddingwish/,43,4050,1.06%,7.91
https://content.weddingwishlove.com/1091/,41,1998,2.05%,9.89
https://www.weddingwishlove.com/product-category/product-weddingwish/rent-items/backdrop-all/backdrop-combo/,40,925,4.32%,8.52
https://content.weddingwishlove.com/1611/,36,2562,1.41%,6.09
https://content.weddingwishlove.com/916/,32,1165,2.75%,9.48
https://www.weddingwishlove.com/salmonbellefloral/,29,2612,1.11%,8.16
https://content.weddingwishlove.com/400/,29,2254,1.29%,6.22
https://content.weddingwishlove.com/1409/,24,958,2.51%,7.03
https://content.weddingwishlove.com/2258/,24,554,4.33%,6.83
http://www.weddingwishlove.com/,23,2359,0.97%,6.4
https://www.weddingwishlove.com/product-category/product-weddingwish/rent-items/backdrop/,23,643,3.58%,4.84
https://www.weddingwishlove.com/product/bigflowers/,20,254,7.87%,4.97
https://www.weddingwishlove.com/product-category/product-weddingwish/wedding-deco/tp_decor/,19,1682,1.13%,7.28
https://www.weddingwishlove.com/weddingwish/page_teabar/,19,317,5.99%,6.73
https://www.weddingwishlove.com/rule/wedding-dco-guide/,17,3853,0.44%,8.68
https://content.weddingwishlove.com/311/,16,1942,0.82%,7.63
https://www.weddingwishlove.com/product/horns/,16,163,9.82%,4.66
https://content.weddingwishlove.com/1538/,13,1873,0.69%,9.08
https://www.weddingwishlove.com/product-category/product-weddingwish/rent-items/single-item/shelfflower/,13,267,4.87%,7.57
https://www.weddingwishlove.com/2023/02/25/blog_20230321/,13,209,6.22%,4.89
https://www.weddingwishlove.com/faq-2/,11,1535,0.72%,4.02
https://www.weddingwishlove.com/product/gra300/,11,135,8.15%,4.99
https://www.weddingwishlove.com/1-diy/,11,119,9.24%,17.97
https://content.weddingwishlove.com/2288/,10,685,1.46%,8.39
https://www.weddingwishlove.com/product-category/product-weddingwish/rent-items/tabletop-all/tabletop-combo/,10,288,3.47%,6.5
https://content.weddingwishlove.com/1455/#%F0%9F%A4%94-%E9%96%8B%E5%B9%95%E8%B3%80%E8%A9%9E%E6%98%AF%E4%BB%80%E9%BA%BC%EF%BC%9F%E6%80%8E%E9%BA%BC%E5%AF%AB%EF%BC%9F,9,7190,0.13%,7.91
https://www.weddingwishlove.com/product-category/product-weddingwish/wedding-deco/tp_outdoor/,9,420,2.14%,6.54
https://www.weddingwishlove.com/stdbackpackage_rental_guide/,8,109,7.34%,9.3
https://content.weddingwishlove.com/2358/,7,1200,0.58%,8.79
https://www.weddingwishlove.com/2021/10/01/blog_bd/,7,158,4.43%,9.53
https://www.weddingwishlove.com/product/mahjong/,7,157,4.46%,4.84
https://www.weddingwishlove.com/product-category/wedding-deco/page/3/,7,123,5.69%,7.37
https://www.weddingwishlove.com/2024/10/14/blog_20240929/,7,118,5.93%,6.93
https://content.weddingwishlove.com/622/,6,786,0.76%,14.49
https://content.weddingwishlove.com/1047/,6,712,0.84%,7.83
https://content.weddingwishlove.com/756/,6,448,1.34%,3.95
https://www.weddingwishlove.com/contact/,6,399,1.5%,2.02
https://content.weddingwishlove.com/1351/,6,153,3.92%,11.5
https://www.weddingwishlove.com/product/vintage-tv-display/,6,132,4.55%,7.23
https://www.weddingwishlove.com/product-category/product-weddingwish/rent-items/single-item/fake-flower/tableflower/,6,124,4.84%,7.04
https://www.weddingwishlove.com/2024/03/09/blog_20240309/,6,39,15.38%,7.1
https://www.weddingwishlove.com/product-category/product-weddingwish/wedding-deco/tp_multi/,5,974,0.51%,7.64
https://content.weddingwishlove.com/1772/,5,788,0.63%,7.61
https://salmonbelle.weddingwishlove.com/,5,79,6.33%,3.13
https://www.weddingwishlove.com/product/photogallery/,5,64,7.81%,7.42
https://www.weddingwishlove.com/2025/01/25/blog_20250125/,4,1752,0.23%,8.55
https://www.weddingwishlove.com/product/semicircle_arch/,4,254,1.57%,3.22
https://www.weddingwishlove.com/product/fresh-corsage-aug22/,4,247,1.62%,5.21
https://salmonbelle.weddingwishlove.com/checkout/,4,224,1.79%,6.74
https://www.weddingwishlove.com/product-category/product-weddingwish/rent-items/backdrop/diyarch/,4,173,2.31%,5.27
https://www.weddingwishlove.com/2021/05/31/blog_210531/,4,145,2.76%,10.23
https://www.weddingwishlove.com/product-category/product-weddingwish/rent-items/tabletop-all/tableflower/,4,140,2.86%,5.36
https://www.weddingwishlove.com/product-category/product-weddingwish/rent-items/single-item/fake-flower/,4,94,4.26%,11.35
https://www.weddingwishlove.com/rule/2-2-assists-guide/,4,71,5.63%,4.85
https://www.weddingwishlove.com/product/fresh-simple-bouquets-aug21-2/,4,70,5.71%,8.01
https://www.weddingwishlove.com/2025/06/22/blog_250622/,4,51,7.84%,8.57
https://www.weddingwishlove.com/product-category/product-weddingwish/rent-items/tabletop-all/tabletop-mini/,4,48,8.33%,6.42
https://content.weddingwishlove.com/2333/,4,43,9.3%,7.28
https://www.weddingwishlove.com/品牌/wedding-wish/,4,32,12.5%,4.91
https://content.weddingwishlove.com/1236/,3,214,1.4%,10.4
https://www.weddingwishlove.com/product/benq_archwood3/,3,194,1.55%,3.91
https://www.weddingwishlove.com/page_salmon/,3,159,1.89%,7.82
https://www.weddingwishlove.com/product-category/product-weddingwish/rent-items/backdrop-combo/,3,130,2.31%,7.89
https://www.weddingwishlove.com/品牌/salmon-belle-floral/,3,108,2.78%,5.94
https://www.weddingwishlove.com/2024/07/13/blog_20240713/,3,105,2.86%,9.35
https://salmonbelle.weddingwishlove.com/products,3,72,4.17%,6.35
https://www.weddingwishlove.com/product/goldenforestpartry/,3,56,5.36%,4.12
https://www.weddingwishlove.com/product/horns-b/,3,35,8.57%,5.94
https://www.weddingwishlove.com/product/reedarch-2/,3,34,8.82%,4.15
https://www.weddingwishlove.com/product-category/product-weddingwish/rent-items/backdrop-all/backdrop-lightyarn/,3,18,16.67%,5.61
https://www.weddingwishlove.com/2023/05/05/blog_lit/,3,7,42.86%,11.57
https://content.weddingwishlove.com/1455/#%F0%9F%93%9D-%E9%96%8B%E5%B9%95%E8%B3%80%E8%A9%9E%E5%89%B5%E6%84%8F%E5%8C%AF%E7%B8%BD,2,7154,0.03%,7.84
https://salmonbelle.weddingwishlove.com/blog/office-feng-shui-plants,2,197,1.02%,7.79
https://www.weddingwishlove.com/product/skygarden-2/,2,139,1.44%,6.24
https://www.weddingwishlove.com/product/trueloveinoldtw/,2,111,1.8%,4.23
https://www.weddingwishlove.com/2023/08/08/blog20230808/,2,107,1.87%,9.51
https://www.weddingwishlove.com/product/pillar/,2,78,2.56%,6.08
https://www.weddingwishlove.com/2025/07/04/blog_20250704/,2,69,2.9%,8.23
https://www.weddingwishlove.com/2021/06/11/blog_210611/,2,68,2.94%,12.76
https://www.weddingwishlove.com/product/fresh-spring-summer-champagne-bouquet-aug11/,2,64,3.12%,4.66
https://www.weddingwishlove.com/product/bar017/,2,47,4.26%,7.47
https://www.weddingwishlove.com/product-tag/迎賓板/,2,45,4.44%,8.87
https://www.weddingwishlove.com/2025/07/11/blog_20250711/,2,43,4.65%,7.37
https://www.weddingwishlove.com/2025/08/23/blog_250823/,2,40,5%,9.95
https://www.weddingwishlove.com/product-category/for-rent/tabletop-combo/old-time/,2,39,5.13%,5.69
https://www.weddingwishlove.com/product/fresh-autumn-winter-purple-bouquet-aug12/,2,34,5.88%,8.82
https://www.weddingwishlove.com/product-category/for-rent/backdrop-combo/,2,33,6.06%,9.03
https://content.weddingwishlove.com/,2,32,6.25%,5.53
https://www.weddingwishlove.com/product/box009/,2,31,6.45%,4.26
https://www.weddingwishlove.com/product/alicecomics/,2,30,6.67%,4.97
https://www.weddingwishlove.com/product/photogallery-2/,2,29,6.9%,6.93
https://www.weddingwishlove.com/product/triangle/,2,19,10.53%,2.58
https://www.weddingwishlove.com/product/springmarble/,2,16,12.5%,8.81
https://www.weddingwishlove.com/product-category/product-weddingwish/rent-items/page/2/,2,16,12.5%,11.94
https://content.weddingwishlove.com/1657/#%F0%9F%8F%B7%EF%B8%8F-%E6%96%B0%E5%B1%85%E8%90%BD%E6%88%90%E9%80%81%E8%8A%B1%E6%99%82%E6%B3%A8%E6%84%8F%E4%BA%8B%E9%A0%85,1,2236,0.04%,7.15
https://www.weddingwishlove.com/murayamagoodjob/,1,1712,0.06%,8.84
https://www.weddingwishlove.com/2024/12/08/blog_20241208/,1,1400,0.07%,8.81
https://content.weddingwishlove.com/1488/#%E5%8F%B0%E5%8C%97%E5%93%AA%E8%A3%A1%E5%8F%AF%E4%BB%A5%E8%B2%B7%E4%BE%BF%E5%AE%9C%E7%9A%84%E8%8A%B1%EF%BC%9F,1,1192,0.08%,7.15
https://content.weddingwishlove.com/873/#%F0%9F%91%AB-%E6%A0%B9%E6%93%9A%E9%80%81%E7%A6%AE%E5%B0%8D%E8%B1%A1%E6%8C%91%E9%81%B8%E7%94%9F%E6%97%A5%E8%8A%B1%E6%9D%9F,1,974,0.1%,6.93
https://content.weddingwishlove.com/1802/#%E6%8F%92%E8%8A%B1%E8%AA%B2%E7%A8%8B%E6%8E%A8%E8%96%A6-top5,1,835,0.12%,7.1
https://content.weddingwishlove.com/2112/,1,499,0.2%,6.72
https://www.weddingwishlove.com/product/boxarc/,1,316,0.32%,3.23
https://content.weddingwishlove.com/1001/,1,303,0.33%,8.1
https://www.weddingwishlove.com/product/gatsby/,1,154,0.65%,3.67
https://www.weddingwishlove.com/product/grd044/,1,140,0.71%,2.89
https://content.weddingwishlove.com/2146/,1,121,0.83%,12.69
https://content.weddingwishlove.com/1611/#%F0%9F%93%9D-%E5%A9%9A%E7%A6%AE%E8%83%8C%E6%9D%BF%E6%9C%89%E9%9C%80%E8%A6%81%E5%97%8E%EF%BC%9F-%E6%9C%89-3-%E5%A4%A7%E7%94%A8%E9%80%94,1,102,0.98%,5.8
https://www.weddingwishlove.com/product/horns-b-2/,1,86,1.16%,4.65
https://www.weddingwishlove.com/product-category/product-weddingwish/rent-items/tabletop-all/,1,84,1.19%,6.11
https://content.weddingwishlove.com/1409/#%F0%9F%8C%B8-%E6%8D%A7%E8%8A%B1%E6%8C%91%E9%81%B8%E6%8C%87%E5%8D%97%EF%BC%9A%E6%96%B0%E6%89%8B%E6%96%B0%E5%A8%98%E5%BF%85%E7%9C%8B%E6%B3%A8%E6%84%8F%E4%BA%8B%E9%A0%85,1,73,1.37%,6.96
https://www.weddingwishlove.com/product/pack_puremarble/,1,69,1.45%,2.62
https://www.weddingwishlove.com/product/circle-3/,1,66,1.52%,2.64
https://www.weddingwishlove.com/product/preserved-corsage-wrist-flower-aug22/,1,65,1.54%,8.6
https://www.weddingwishlove.com/product-category/product-weddingwish/rent-items/,1,65,1.54%,9.66
https://www.weddingwishlove.com/product/box001/,1,64,1.56%,3.89
https://www.weddingwishlove.com/product/starlightstudios/,1,52,1.92%,4.06
https://www.weddingwishlove.com/2021/02/03/blog210203/,1,51,1.96%,8.1
https://www.weddingwishlove.com/stdsingleitem_rental_guide/,1,50,2%,6.46
https://www.weddingwishlove.com/product/gas_pink-white/,1,49,2.04%,4.86
https://www.weddingwishlove.com/product/minigreen/,1,48,2.08%,7.33
https://www.weddingwishlove.com/product-category/product-salmon-belle-florals/wedding-floral/,1,47,2.13%,7.79
https://content.weddingwishlove.com/1582/,1,45,2.22%,22.2
https://www.weddingwishlove.com/product/preserved-ch-table/,1,41,2.44%,4.56
https://www.weddingwishlove.com/rule/customdesign/,1,41,2.44%,8.49
https://www.weddingwishlove.com/product-category/product-salmon-belle-florals/festival-flower/graduation-bouquets/,1,40,2.5%,6.58
https://www.weddingwishlove.com/product/fresh-blue-white-purple-mixed-bouquets-aug20/,1,39,2.56%,6.44
https://www.weddingwishlove.com/graduation-bouquet/,1,39,2.56%,10.46
https://www.weddingwishlove.com/product/miniforest2/,1,38,2.63%,4.08
https://www.weddingwishlove.com/2026-mothers-day-flowers/,1,37,2.7%,6.89
https://salmonbelle.weddingwishlove.com/blog/proposal-bouquet-guide,1,35,2.86%,12.34
https://www.weddingwishlove.com/product/flr015/,1,35,2.86%,12.71
https://www.weddingwishlove.com/product/goldenrose/,1,34,2.94%,5.82
https://www.weddingwishlove.com/product/bd_culturewall/,1,32,3.12%,7.28
https://www.weddingwishlove.com/product-category/product-weddingwish/rent-items/backdrop-all/backdrop/marble/,1,32,3.12%,7.59
https://www.weddingwishlove.com/product/miniorange/,1,29,3.45%,4.83
https://www.weddingwishlove.com/product-tag/tp-stage/,1,29,3.45%,11.24
https://www.weddingwishlove.com/product-category/product-weddingwish/rent-items/single-item/fake-flower/shelfflower/,1,28,3.57%,5.18
https://www.weddingwishlove.com/product-category/product-weddingwish/rent-items/tabletop-combo/mini/,1,27,3.7%,5.22
https://www.weddingwishlove.com/wedding-packages-outdoor/,1,27,3.7%,15.85
https://www.weddingwishlove.com/product-category/product-weddingwish/rent-items/single-item/topflower/,1,24,4.17%,6.08
https://www.weddingwishlove.com/product/military/,1,23,4.35%,6.61
https://www.weddingwishlove.com/product/oscars/,1,22,4.55%,6.18
https://www.weddingwishlove.com/salmonbellefloral/2026-valentine/,1,22,4.55%,8
https://www.weddingwishlove.com/2025/01/21/blog_20250121/,1,21,4.76%,7.81
https://www.weddingwishlove.com/product/miniog2/,1,20,5%,3.45
https://www.weddingwishlove.com/2024/05/31/blog_20240531/,1,20,5%,8.6
https://www.weddingwishlove.com/product/fresh-small-table-mother-day-1/,1,20,5%,9.55
https://www.weddingwishlove.com/product/pack_pinkflowerboard/,1,19,5.26%,7
https://www.weddingwishlove.com/2024/01/05/blog_20240105/,1,19,5.26%,7.47
https://www.weddingwishlove.com/product/flr018/,1,18,5.56%,4
https://www.weddingwishlove.com/2022/12/05/blog_20221205/,1,17,5.88%,4.59
https://www.weddingwishlove.com/product-category/product-weddingwish/rent-items/backdrop-all/backdrop/watercolor/,1,17,5.88%,4.82
https://www.weddingwishlove.com/wedding-packages/,1,17,5.88%,7.76
https://www.weddingwishlove.com/product-tag/麻將主題/,1,16,6.25%,10
https://www.weddingwishlove.com/product/bd_blackboard/,1,13,7.69%,6.15
https://www.weddingwishlove.com/product-tag/復古電視/,1,12,8.33%,11.33
https://www.weddingwishlove.com/2024/03/23/blog_20240323_2/,1,11,9.09%,4.82
https://www.weddingwishlove.com/product-tag/牛角拱門/,1,11,9.09%,8.09
https://www.weddingwishlove.com/product-category/product-weddingwish/rent-items/tabletop-all/tabletop-combo/page/2/,1,10,10%,6.6
https://www.weddingwishlove.com/product-tag/歐式宮廷風/,1,10,10%,7.7
https://www.weddingwishlove.com/flower-color/bl/,1,10,10%,8.6
https://www.weddingwishlove.com/product-tag/仿真花租借/,1,10,10%,8.6
https://www.weddingwishlove.com/product/trianglearch/,1,9,11.11%,4
https://www.weddingwishlove.com/product-tag/羽毛系列/,1,9,11.11%,6.56
https://www.weddingwishlove.com/product-tag/黑板背景/,1,9,11.11%,7.89
https://www.weddingwishlove.com/product-category/product-salmon-belle-florals/fresh-flower/proposal-huge-bouquets/,1,9,11.11%,16.56
https://www.weddingwishlove.com/product/preserved-table-flowers-aug22/,1,7,14.29%,2.71
https://www.weddingwishlove.com/product/minired/,1,7,14.29%,4.71
https://www.weddingwishlove.com/product/bar011-2/,1,7,14.29%,6
https://www.weddingwishlove.com/product-category/product-weddingwish/page/4/,1,7,14.29%,6.57
https://www.weddingwishlove.com/product-category/product-weddingwish/rent-items/page/8/,1,7,14.29%,10.86
https://www.weddingwishlove.com/salmonbellefloral-old/page_preservedbridalbouquet/,1,7,14.29%,15.29
https://www.weddingwishlove.com/product-tag/韓式胸花/,1,6,16.67%,4.67
https://www.weddingwishlove.com/product/fresh-cascading-bouquet-white-green/,1,6,16.67%,4.83
https://www.weddingwishlove.com/product-category/product-salmon-belle-florals/preserved-corsage-wrist-flower/,1,6,16.67%,16.83
https://www.weddingwishlove.com/product-category/product-weddingwish/rent-items/backdrop-all/backdrop/country/,1,5,20%,6.2
https://www.weddingwishlove.com/product/bd-tofeewatercolor-2/,1,5,20%,7
https://www.weddingwishlove.com/2021/10/01/blog_211001/,1,5,20%,7.4
https://www.weddingwishlove.com/product/fresh-cascading-bouquet-caramel/,1,4,25%,2.75
https://www.weddingwishlove.com/product/benq_stripedwood/,1,4,25%,4
https://www.weddingwishlove.com/product-category/product-salmon-belle-florals/fresh-flower/fresh-packaged-bouquets/,1,4,25%,7.75
https://www.weddingwishlove.com/product-tag/台式婚禮/,1,4,25%,7.75
https://www.weddingwishlove.com/2023/08/05/blog_20230805/,1,4,25%,8
https://www.weddingwishlove.com/product-category/product-salmon-belle-florals/floral-courses/,1,4,25%,14.75
https://content.weddingwishlove.com/category/flowers/,1,4,25%,36.25
https://www.weddingwishlove.com/product-tag/拱門佈置/page/3/,1,3,33.33%,4.33
https://www.weddingwishlove.com/2024/11/07/blog_20241107/,1,3,33.33%,6.33
https://www.weddingwishlove.com/product/lit002/,1,3,33.33%,9.33
https://www.weddingwishlove.com/product/plan_goldernage/,1,3,33.33%,10.67
https://www.weddingwishlove.com/product-tag/桌花租借/,1,2,50%,1
https://www.weddingwishlove.com/product-category/product-weddingwish/page/15/,1,2,50%,3
https://www.weddingwishlove.com/blog/page/8/,1,2,50%,3.5
https://www.weddingwishlove.com/product-category/product-weddingwish/rent-items/backdrop/lightyarn/,1,2,50%,4.5
https://www.weddingwishlove.com/product/plan_newchianblue/,1,1,100%,1
https://www.weddingwishlove.com/product-category/product-weddingwish/rent-items/page/6/,1,1,100%,4
https://weddingwishlove.com/,1,1,100%,5
https://www.weddingwishlove.com/product-tag/鮮花捧花/,1,1,100%,28
https://content.weddingwishlove.com/1455/#%F0%9F%93%92-%E5%82%B3%E7%B5%B1%E9%96%8B%E5%B9%95%E8%B3%80%E8%A9%9E%E5%AE%8C%E6%95%B4%E6%94%B6%E9%8C%84,0,7402,0%,7.97
https://content.weddingwishlove.com/1455/#%E3%8A%97%EF%B8%8F-%E5%90%84%E8%A1%8C%E5%90%84%E6%A5%AD%E5%B0%88%E5%B1%AC%E9%96%8B%E5%B9%95%E8%B3%80%E8%A9%9E%E7%AF%84%E4%BE%8B,0,7372,0%,7.88
https://content.weddingwishlove.com/1455/#%F0%9F%93%93-%E9%96%8B%E5%B9%95%E8%B3%80%E8%A9%9E%E8%8B%B1%E6%96%87%E7%89%88,0,6746,0%,7.87
https://content.weddingwishlove.com/1455/#%F0%9F%8E%81-%E5%A6%82%E4%BD%95%E6%8C%91%E9%81%B8%E9%96%8B%E5%B9%95%E9%80%81%E7%A6%AE%E5%92%8C%E9%96%8B%E5%B9%95%E8%B3%80%E8%A9%9E%EF%BC%9F,0,6381,0%,7.9
https://content.weddingwishlove.com/1385/#%F0%9F%8F%86-%E9%96%8B%E5%B9%95%E9%80%81%E7%A6%AE%E6%8E%92%E8%A1%8C%E6%A6%9C-top-10,0,4797,0%,7.36
https://content.weddingwishlove.com/1385/#%F0%9F%93%9D-%E6%96%B0%E5%BA%97%E9%96%8B%E5%B9%95%E9%80%81%E7%A6%AE%E6%94%BB%E7%95%A5,0,4710,0%,7.37
https://content.weddingwishlove.com/1385/#%E2%9A%A0%EF%B8%8F-%E9%96%8B%E5%B9%95%E9%80%81%E7%A6%AE%E4%BA%94%E5%A4%A7%E7%A6%81%E5%BF%8C%E8%88%87%E8%A7%A3%E6%B1%BA%E6%96%B9%E6%A1%88,0,4663,0%,7.37
https://content.weddingwishlove.com/1385/#%F0%9F%8E%81-%E4%B8%8D%E5%90%8C%E8%A1%8C%E6%A5%AD%E9%96%8B%E5%B9%95%E9%80%81%E7%A6%AE%E6%8E%A8%E8%96%A6,0,4226,0%,7.35
https://content.weddingwishlove.com/1385/#%F0%9F%92%9D-%E9%80%81%E7%A6%AE%E9%81%B8%E6%93%87%E5%A5%BD%E5%A4%9A%E8%A6%81%E9%81%B8%E5%93%AA%E4%B8%80%E5%80%8B%EF%BC%9F%E9%96%8B%E5%B9%95%E9%80%81%E7%A6%AE%E8%B6%A8%E5%8B%A2,0,4194,0%,7.4
https://content.weddingwishlove.com/1657/#%F0%9F%8E%81-%E5%85%A5%E5%8E%9D%E9%80%81%E7%A6%AE%E8%A6%81%E6%B3%A8%E6%84%8F%E4%BB%80%E9%BA%BC%EF%BC%9F%EF%BD%9C5-%E5%A4%A7%E5%8E%9F%E5%89%87%E8%A6%81%E8%80%83%E6%85%AE,0,2465,0%,7.14
https://www.weddingwishlove.com/2025/03/23/blog_20250323/,0,2381,0%,8.5
https://content.weddingwishlove.com/1488/#%F0%9F%91%8D-10-%E9%96%93%E5%8F%B0%E5%8C%97%E8%8A%B1%E5%BA%97%E6%8E%A8%E8%96%A6,0,2024,0%,7.42
https://content.weddingwishlove.com/1488/#%F0%9F%8F%B7%EF%B8%8F-%E6%A0%B9%E6%93%9A%E4%BD%A0%E7%9A%84%E9%9C%80%E6%B1%82%EF%BC%8C%E6%8E%A8%E8%96%A6%E4%BD%A0%E9%81%A9%E5%90%88%E7%9A%84%E5%8F%B0%E5%8C%97%E8%8A%B1%E5%BA%97,0,2008,0%,7.42
https://content.weddingwishlove.com/1488/#%F0%9F%93%9D-%E5%8F%B0%E5%8C%97%E8%8A%B1%E5%BA%97%E6%8C%91%E9%81%B8%E6%8C%87%E5%8D%97%E3%80%8B%E9%A0%90%E7%AE%97%E3%80%81%E5%A0%B4%E5%90%88%E3%80%81%E4%BE%BF%E5%88%A9%E6%80%A7-3-%E5%A4%A7%E8%80%83,0,1933,0%,7.44
https://www.weddingwishlove.com/2025/03/01/blog_20250301/,0,1931,0%,8.66
https://content.weddingwishlove.com/1657/#%F0%9F%92%A1-%E5%B8%B8%E8%A6%8B%E5%95%8F%E9%A1%8C-faq,0,1916,0%,7.3
https://content.weddingwishlove.com/1657/#%F0%9F%91%8D-2025-%E5%B9%B4%E6%9C%80%E5%8F%97%E6%AD%A1%E8%BF%8E%E7%9A%84-10-%E5%A4%A7%E5%85%A5%E5%8E%9D%E7%A6%AE%E7%89%A9%E6%8E%A8%E8%96%A6,0,1886,0%,7.29
https://content.weddingwishlove.com/545/#%E6%83%85%E4%BA%BA%E7%AF%80%E9%80%81%E8%8A%B1%E8%A6%81%E9%80%81%E4%BB%80%E9%BA%BC%EF%BC%9F%E5%B8%B8%E8%A6%8B%E7%9A%84%E8%8A%B1%E6%9D%90%E5%92%8C%E5%AF%93%E6%84%8F,0,1729,0%,7.05
https://content.weddingwishlove.com/545/#%E6%83%85%E4%BA%BA%E7%AF%80%E9%80%81%E8%8A%B1%E6%80%8E%E9%BA%BC%E6%8C%91%EF%BC%9F%E6%A0%B9%E6%93%9A%E8%8A%B1%E6%9C%B5%E6%95%B8%E9%87%8F%E3%80%81%E6%84%9F%E6%83%85%E7%9A%84%E9%9A%8E%E6%AE%B5%E4%BE%86,0,1692,0%,7.05
https://content.weddingwishlove.com/1488/#%E2%9C%8F%EF%B8%8F-3-%E5%80%8B%E9%81%B8%E8%8A%B1%E5%B0%8F%E6%8A%80%E5%B7%A7%E5%88%86%E4%BA%AB,0,1591,0%,7.48
https://content.weddingwishlove.com/545/#%E6%83%85%E4%BA%BA%E7%AF%80%E6%9C%89%E5%93%AA%E4%BA%9B%EF%BC%9F,0,1510,0%,7.14
https://content.weddingwishlove.com/545/#%E6%83%85%E4%BA%BA%E7%AF%80%E9%80%81%E8%8A%B1%E5%B8%B8%E8%A6%8B%E5%95%8F%E9%A1%8C%E6%95%B4%E7%90%86,0,1508,0%,7.14
https://content.weddingwishlove.com/1728/#%F0%9F%8C%B9%E4%B8%8D%E5%90%8C%E9%A1%8F%E8%89%B2%E7%9A%84%E7%8E%AB%E7%91%B0%E8%8A%B1%E8%AA%9E%E8%88%87%E9%80%81%E7%A6%AE%E5%A0%B4%E5%90%88,0,1328,0%,8.42
https://content.weddingwishlove.com/1728/#%F0%9F%8C%B9%E8%A6%81%E9%80%81%E4%BB%80%E9%BA%BC%E7%8E%AB%E7%91%B0%E6%AF%94%E8%BC%83%E5%A5%BD%EF%BC%9F%E4%B8%8D%E5%90%8C%E5%A0%B4%E5%90%88%E3%80%81%E4%B8%8D%E5%90%8C%E8%A1%A8%E9%81%94%E7%8E%AB,0,1319,0%,8.43
https://content.weddingwishlove.com/1728/#%F0%9F%8C%B9%E4%B8%8D%E5%90%8C%E7%8E%AB%E7%91%B0%E8%8A%B1%E8%AA%9E%E6%95%B8%E9%87%8F%E7%9A%84%E5%AF%93%E6%84%8F,0,1311,0%,8.42
https://content.weddingwishlove.com/1728/#%F0%9F%91%8D%E6%9D%91%E5%AE%B6%E9%AE%AD%E5%A5%B3%E7%B2%BE%E9%81%B8%E7%8E%AB%E7%91%B0%E8%8A%B1%E7%A6%AE%E6%8E%A8%E8%96%A6,0,1282,0%,8.41
https://content.weddingwishlove.com/758/#%F0%9F%A4%B5%E2%99%82%EF%B8%8F-%E8%83%B8%E8%8A%B1%E7%9A%84%E4%BD%A9%E6%88%B4%E6%96%B9%E5%BC%8F%E8%88%87%E6%B3%A8%E6%84%8F%E4%BA%8B%E9%A0%85,0,1243,0%,7.2
https://content.weddingwishlove.com/1728/#%F0%9F%8C%B9%E7%8E%AB%E7%91%B0%E8%8A%B1%E8%AA%9E%E7%9A%84%E4%BE%86%E6%BA%90%E8%88%87%E6%B5%AA%E6%BC%AB%E6%84%8F%E7%BE%A9,0,1232,0%,8.41
https://content.weddingwishlove.com/758/#%F0%9F%8C%B9-%E8%83%B8%E8%8A%B1%E7%9A%84%E7%A8%AE%E9%A1%9E%E8%88%87%E8%A8%AD%E8%A8%88,0,1231,0%,7.2
https://content.weddingwishlove.com/758/#%F0%9F%92%90-%E8%83%B8%E8%8A%B1%E4%BB%8B%E7%B4%B9,0,1228,0%,7.2
https://content.weddingwishlove.com/1488/#%F0%9F%92%A1-%E5%B8%B8%E8%A6%8B%E5%95%8F%E9%A1%8C-faq,0,1120,0%,7.13
https://content.weddingwishlove.com/1488/#%E9%AE%AE%E8%8A%B1%E8%B7%9F%E6%B0%B8%E7%94%9F%E8%8A%B1%E5%93%AA%E5%80%8B%E6%AF%94%E8%BC%83%E8%B2%B4%EF%BC%9F,0,1119,0%,7.14
https://content.weddingwishlove.com/758/#%F0%9F%92%92-%E8%83%B8%E8%8A%B1%E7%9A%84%E9%85%8D%E6%88%B4%E6%99%82%E6%A9%9F,0,1087,0%,7.44
https://content.weddingwishlove.com/873/#%F0%9F%92%90-%E9%80%81%E7%94%9F%E6%97%A5%E8%8A%B1%E6%9D%9F%E5%89%8D%E4%BD%A0%E8%A9%B2%E7%9F%A5%E9%81%93%E7%9A%84%E5%B9%BE%E4%BB%B6%E4%BA%8B,0,1077,0%,6.95
https://content.weddingwishlove.com/873/#%F0%9F%8C%B8-%E9%80%81%E8%8A%B1%E5%89%8D%E7%9A%84%E8%A7%80%E5%AF%9F,0,1034,0%,6.89
https://content.weddingwishlove.com/758/#%F0%9F%8C%B7-%E5%A6%82%E4%BD%95%E6%8C%91%E9%81%B8%E5%92%8C%E8%A8%82%E8%A3%BD%EF%BC%9F,0,956,0%,7.5
https://content.weddingwishlove.com/1697/#%F0%9F%8E%89%E7%B5%90%E5%A9%9A%E7%B4%80%E5%BF%B5%E6%97%A5%E5%A6%82%E4%BD%95%E6%85%B6%E7%A5%9D%EF%BC%9F%E5%89%B5%E9%80%A0%E9%9B%A3%E5%BF%98%E7%9A%84%E9%80%B1%E5%B9%B4%E5%9B%9E%E6%86%B6,0,944,0%,8.24
https://content.weddingwishlove.com/1697/#%F0%9F%8E%81%E7%B5%90%E5%A9%9A%E7%B4%80%E5%BF%B5%E6%97%A5%E7%A6%AE%E7%89%A9%E6%80%8E%E9%BA%BC%E9%81%B8%EF%BC%9F,0,944,0%,8.26
https://content.weddingwishlove.com/1455/#4-%E5%80%8B%E5%B8%B8%E8%A6%8B%E8%A1%8C%E6%A5%AD%E9%A2%A8%E6%A0%BC%EF%BC%8C%E6%8C%91%E9%81%B8%E5%87%BA%E6%9C%80%E5%90%88%E9%81%A9%E7%9A%84%E9%96%8B%E5%B9%95%E8%8A%B1%E7%A6%AE%E8%88%87%E8%B3%80%E8%A9%9E,0,915,0%,8
https://content.weddingwishlove.com/873/#%F0%9F%93%8C-%E9%80%81%E8%8A%B1%E5%B0%8F%E6%8A%80%E5%B7%A7,0,888,0%,6.7
https://content.weddingwishlove.com/1455/#%F0%9F%8E%81%E7%B2%BE%E9%81%B8%E9%96%8B%E5%B9%95%E8%8A%B1%E7%A6%AE%EF%BD%9C%E5%85%88%E6%8C%91%E7%A6%AE%E7%89%A9%EF%BC%8C%E5%86%8D%E9%81%B8%E8%B3%80%E8%A9%9E,0,871,0%,7.98
https://content.weddingwishlove.com/873/#top10,0,869,0%,6.7
https://content.weddingwishlove.com/1697/#%F0%9F%8E%8E-%E7%B5%90%E5%A9%9A%E5%B9%BE%E5%B9%B4%E6%98%AF%E4%BB%80%E9%BA%BC%E5%A9%9A%EF%BC%9F%E7%B5%90%E5%A9%9A%E9%80%B1%E5%B9%B4%E5%90%8D%E7%A8%B1%E5%92%8C%E6%84%8F%E7%BE%A9,0,858,0%,7.64
https://content.weddingwishlove.com/1802/#%E7%82%BA%E4%BB%80%E9%BA%BC%E8%A6%81%E5%8F%83%E5%8A%A0%E6%8F%92%E8%8A%B1%E8%AA%B2%E7%A8%8B%EF%BC%9F%E5%AD%B8%E7%BF%92%E8%8A%B1%E8%97%9D%E7%9A%84%E5%A5%BD%E8%99%95%EF%BC%9F,0,833,0%,7.09
https://content.weddingwishlove.com/1802/#%E5%A6%82%E4%BD%95%E9%81%B8%E6%93%87%E6%9C%80%E9%81%A9%E5%90%88%E7%9A%84%E6%8F%92%E8%8A%B1%E8%AA%B2%E7%A8%8B%EF%BC%9F,0,830,0%,7.09
https://content.weddingwishlove.com/873/#%F0%9F%92%90-2025%E5%B9%B4%E5%8D%81%E5%A4%A7%E4%BA%BA%E6%B0%A3%E7%94%9F%E6%97%A5%E8%8A%B1%E6%9D%9F%E6%8E%A8%E8%96%A6,0,799,0%,6.75
https://content.weddingwishlove.com/1697/#%F0%9F%91%8D%E7%B4%80%E5%BF%B5%E6%97%A5%E9%80%81%E8%8A%B1%E6%8E%A8%E8%96%A6%EF%BD%9C%E6%9D%91%E5%AE%B6%E9%AE%AD%E5%A5%B3%E7%B2%BE%E9%81%B8%E8%8A%B1%E7%A6%AE,0,733,0%,7.97
https://content.weddingwishlove.com/1657/#%F0%9F%91%8D-2026-%E5%B9%B4%E6%9C%80%E5%8F%97%E6%AD%A1%E8%BF%8E%E7%9A%84-10-%E5%A4%A7%E5%85%A5%E5%8E%9D%E7%A6%AE%E7%89%A9%E6%8E%A8%E8%96%A6,0,699,0%,7.02
https://content.weddingwishlove.com/694/#%F0%9F%92%90-%E6%8D%A7%E8%8A%B1%E8%A6%81%E6%80%8E%E9%BA%BC%E6%8A%BD%EF%BC%9F%E6%8F%90%E5%8D%87%E5%A9%9A%E7%A6%AE%E7%9A%84%E5%84%80%E5%BC%8F%E6%84%9F%E7%9A%84%E5%B0%8F%E9%81%8A%E6%88%B2,0,690,0%,8.09
https://content.weddingwishlove.com/694/#%F0%9F%92%A1-%E6%96%B0%E5%A8%98%E6%8D%A7%E8%8A%B1%E5%B8%B8%E8%A6%8B%E5%95%8F%E9%A1%8C%E7%B8%BD%E6%95%B4%E7%90%86,0,689,0%,7.93
https://content.weddingwishlove.com/694/#%F0%9F%92%90-%E6%96%B0%E5%A8%98%E6%8D%A7%E8%8A%B1%E6%80%8E%E9%BA%BC%E6%8C%91%EF%BC%9F%E5%B0%8F%E6%92%87%E6%AD%A5%E6%95%99%E4%BD%A0%E6%8C%91%E5%87%BA%E9%81%A9%E5%90%88%E5%A6%B3%E5%A9%9A%E7%B4%97,0,632,0%,8.17
https://content.weddingwishlove.com/694/#%F0%9F%92%90-%E6%96%B0%E5%A8%98%E6%8D%A7%E8%8A%B1%E8%A6%81%E9%81%B8%E9%81%B8%E6%93%87%E9%AE%AE%E8%8A%B1%E9%82%84%E6%98%AF%E6%B0%B8%E7%94%9F%E8%8A%B1%EF%BC%9F,0,628,0%,8.04
https://content.weddingwishlove.com/1657/#%F0%9F%92%A1-%E5%85%A5%E5%8E%9D%E7%A6%AE%E7%89%A9%E5%B8%B8%E8%A6%8B%E5%95%8F%E9%A1%8C-faq,0,624,0%,6.96
https://content.weddingwishlove.com/694/#%F0%9F%92%90-%E7%82%BA%E4%BB%80%E9%BA%BC%E8%A6%81%E6%BA%96%E5%82%99%E6%96%B0%E5%A8%98%E6%8D%A7%E8%8A%B1%EF%BC%9F,0,600,0%,8.17
https://content.weddingwishlove.com/758/#%F0%9F%92%A1-%E5%B8%B8%E8%A6%8B%E5%95%8F%E9%A1%8C-faq,0,597,0%,7.71
https://content.weddingwishlove.com/1802/#%F0%9F%92%A1%E5%B8%B8%E8%A6%8B%E5%95%8F%E9%A1%8C-faq,0,559,0%,7.51
https://content.weddingwishlove.com/1091/#%F0%9F%8C%B9-%E8%AA%8D%E8%AD%98%E6%B0%B8%E7%94%9F%E8%8A%B1,0,546,0%,7.99
https://content.weddingwishlove.com/1091/#%F0%9F%94%A5-%E5%8F%B0%E5%8C%97%E6%B0%B8%E7%94%9F%E8%8A%B1%E5%BA%97%E6%8E%A8%E8%96%A6-top-5%EF%BD%9C%E8%A8%AD%E8%A8%88%E9%A2%A8%E6%A0%BC-x-%E5%95%86%E5%AE%B6%E7%B4%B0%E7%AF%80%E4%B8%80%E8%A6%BD,0,546,0%,7.99
https://content.weddingwishlove.com/873/#%F0%9F%92%A1-%E5%B8%B8%E8%A6%8B%E5%95%8F%E9%A1%8C-faq,0,542,0%,6.9
https://content.weddingwishlove.com/758/#%F0%9F%92%A1-%E8%83%B8%E8%8A%B1%E5%B8%B8%E8%A6%8B%E5%95%8F%E9%A1%8C-faq,0,536,0%,6.71
https://content.weddingwishlove.com/1153/#%F0%9F%8C%BC-%E6%84%9F%E8%AC%9D%E8%80%81%E5%B8%AB%E7%9A%84%E8%8A%B1%E6%9D%90%E6%8E%A8%E8%96%A6%E3%80%8B%E5%8F%97%E6%AD%A1%E8%BF%8E%E7%9A%84%E6%95%99%E5%B8%AB%E7%AF%80%E8%8A%B1%E6%9C%B5,0,511,0%,6.22
https://content.weddingwishlove.com/1091/#%F0%9F%93%8C-%E5%A6%82%E4%BD%95%E6%8C%91%E9%81%B8%E6%B0%B8%E7%94%9F%E8%8A%B1%E5%BA%97%EF%BC%9F%E9%81%BF%E5%85%8D%E8%B8%A9%E9%9B%B7%E6%8C%87%E5%8D%97,0,495,0%,8.07
https://content.weddingwishlove.com/1153/#%F0%9F%92%90-%E6%95%99%E5%B8%AB%E7%AF%80%E8%8A%B1%E6%9D%9F%E8%A8%AD%E8%A8%88%E9%87%8D%E9%BB%9E%EF%BD%9C%E5%B0%88%E5%B1%AC%E8%80%81%E5%B8%AB%E7%9A%84%E5%AE%A2%E8%A3%BD%E5%8C%96%E5%B7%A7%E6%80%9D,0,482,0%,6.21
https://content.weddingwishlove.com/1153/#%F0%9F%8E%93-%E6%95%99%E5%B8%AB%E7%AF%80%E7%82%BA%E4%BB%80%E9%BA%BC%E8%A6%81%E9%80%81%E8%8A%B1%EF%BC%9F%E8%8A%B1%E6%9D%9F%E8%A1%A8%E9%81%94%E8%AC%9D%E6%84%8F%E7%9A%84%E6%B7%B1%E5%B1%A4%E6%84%8F,0,477,0%,6.21
https://content.weddingwishlove.com/1153/#%E2%9A%A0%EF%B8%8F-%E6%95%99%E5%B8%AB%E7%AF%80%E9%80%81%E8%8A%B1%E7%A6%AE%E5%84%80%E8%88%87%E6%B3%A8%E6%84%8F%E4%BA%8B%E9%A0%85%EF%BD%9C%E9%81%BF%E5%85%8D%E9%80%81%E8%8A%B1%E5%A4%B1%E7%A6%AE%E7%9A%84,0,462,0%,6.29
https://content.weddingwishlove.com/1153/#%F0%9F%92%90-%E5%A6%82%E4%BD%95%E9%81%B8%E6%93%87%E6%95%99%E5%B8%AB%E7%AF%80%E8%8A%B1%E6%9D%9F%E3%80%8B%E9%A2%A8%E6%A0%BC%E3%80%81%E9%A1%9E%E5%9E%8B%E3%80%81%E9%A0%90%E7%AE%97%E5%AE%8C%E6%95%B4,0,446,0%,6.26
https://content.weddingwishlove.com/1824/#%F0%9F%8E%81%E9%80%81%E4%BA%BA%E7%A6%AE%E7%89%A9%E6%8C%91%E9%81%B8%E6%94%BB%E7%95%A5,0,437,0%,7.91
https://content.weddingwishlove.com/1091/#%F0%9F%92%A1-%E5%B8%B8%E8%A6%8B%E5%95%8F%E9%A1%8C-qa,0,411,0%,8.04
https://content.weddingwishlove.com/1824/#%F0%9F%93%92%E8%AA%B0%E9%9C%80%E8%A6%81%E3%80%8C%E9%80%81%E4%BA%BA%E7%A6%AE%E7%89%A9%E6%8E%A8%E8%96%A6%E3%80%8D%E6%B8%85%E5%96%AE%EF%BC%9F,0,402,0%,7.94
https://content.weddingwishlove.com/1824/#%F0%9F%91%8D2025-%E9%80%81%E4%BA%BA%E7%A6%AE%E7%89%A9%E6%8E%A8%E8%96%A6-top10,0,368,0%,7.77
https://content.weddingwishlove.com/1824/#%F0%9F%8C%9F%E9%80%81%E4%BA%BA%E7%A6%AE%E7%89%A9%E6%8E%A8%E8%96%A6%EF%BC%9A%E6%9D%91%E5%AE%B6%E9%AE%AD%E5%A5%B3%E7%9A%84%E5%89%B5%E6%84%8F%E8%8A%B1%E7%A6%AE,0,338,0%,7.8
https://content.weddingwishlove.com/916/#%F0%9F%92%92-%E7%82%BA%E4%BB%80%E9%BA%BC%E8%A6%81%E5%9C%A8%E7%BE%8E%E8%BB%8D%E4%BF%B1%E6%A8%82%E9%83%A8%E8%88%89%E8%BE%A6%E5%A9%9A%E7%A6%AE%E5%91%A2%EF%BC%9F,0,336,0%,8.04
https://content.weddingwishlove.com/916/#%F0%9F%92%A1-%E5%B8%B8%E8%A6%8B%E5%95%8F%E9%A1%8C-faq,0,336,0%,8.04
https://www.weddingwishlove.com/product/bd_cementwall2/,0,316,0%,4.22
https://content.weddingwishlove.com/1292/#%F0%9F%91%B0%E2%99%80%EF%B8%8F-%E5%A9%9A%E7%A6%AE%E4%BD%88%E7%BD%AE%E5%8D%80%E5%9F%9F%E8%A6%8F%E5%8A%83%EF%BC%9A%E6%AF%8F%E4%B8%80%E5%8D%80%E9%83%BD%E8%97%8F%E8%91%97%E9%87%8D%E9%BB%9E,0,312,0%,7.04
https://content.weddingwishlove.com/916/#%F0%9F%93%96-%E5%AF%A6%E4%BE%8B%E5%88%86%E4%BA%AB%EF%BD%9C%E6%9D%91%E8%8A%B1%E5%BC%84%E5%9B%8D-x-%E7%BE%8E%E8%BB%8D%E4%BF%B1%E6%A8%82%E9%83%A8,0,310,0%,8.11
https://content.weddingwishlove.com/873/#top3,0,309,0%,6.9
https://content.weddingwishlove.com/2011/,0,301,0%,9.35
https://content.weddingwishlove.com/916/#%F0%9F%92%90-%E6%88%B6%E5%A4%96%E8%AD%89%E5%A9%9A%E5%BF%85%E5%82%99%E3%80%8B%E9%AE%AE%E8%8A%B1%E5%A9%9A%E7%A6%AE%E6%8B%B1%E9%96%80,0,294,0%,8.07
https://content.weddingwishlove.com/1292/#%F0%9F%92%B0-%E5%A9%9A%E7%A6%AE%E4%BD%88%E7%BD%AE%E8%B2%BB%E7%94%A8%E9%A0%90%E7%AE%97%EF%BC%9A%E6%8E%8C%E6%8F%A1%E9%96%8B%E9%8A%B7%E9%97%9C%E9%8D%B5,0,288,0%,7.08
https://content.weddingwishlove.com/916/#%F0%9F%8C%B9-%E5%AE%B4%E6%9C%83%E5%A0%B4%E6%99%AF%E7%9A%84%E5%BB%B6%E4%BC%B8%EF%BD%9C%E6%A1%8C%E8%8A%B1,0,271,0%,8.17
https://www.weddingwishlove.com/product/bar006/,0,247,0%,2.68
https://content.weddingwishlove.com/1854/#%F0%9F%92%9D-%E8%81%96%E8%AA%95%E7%AF%80%E4%BA%A4%E6%8F%9B%E7%A6%AE%E7%89%A9%E7%9A%84%E9%81%B8%E8%B3%BC%E7%A7%98%E8%A8%A3,0,246,0%,7.59
https://content.weddingwishlove.com/1292/#%F0%9F%92%92-%E5%A9%9A%E7%A6%AE%E4%BD%88%E7%BD%AE%E9%A2%A8%E6%A0%BC%E6%80%8E%E9%BA%BC%E9%81%B8%EF%BC%9F%E6%89%93%E9%80%A0%E5%B0%88%E5%B1%AC%E4%BD%A0%E7%9A%84%E5%A4%A2%E5%B9%BB%E5%A9%9A%E7%A6%AE,0,245,0%,7.04
https://content.weddingwishlove.com/873/#%F0%9F%92%90-2026-%E5%B9%B4%E5%8D%81%E5%A4%A7%E4%BA%BA%E6%B0%A3%E7%94%9F%E6%97%A5%E8%8A%B1%E6%9D%9F%E6%8E%A8%E8%96%A6,0,242,0%,7.51
https://content.weddingwishlove.com/1760/#%F0%9F%8C%B9%E5%8F%AA%E6%9C%89%E7%8E%AB%E7%91%B0%E8%8A%B1%E6%8B%9B%E6%A1%83%E8%8A%B1%EF%BC%9F%E5%85%B6%E4%BB%96%E6%8B%9B%E6%A1%83%E8%8A%B1%E5%B0%8F%E7%89%A9%E4%BB%8B%E7%B4%B9,0,221,0%,6.77
https://content.weddingwishlove.com/1760/#%F0%9F%8C%B8%E5%B1%85%E5%AE%B6%E6%A1%83%E8%8A%B1%E9%A2%A8%E6%B0%B4%E6%93%BA%E8%A8%AD%EF%BD%9C%E4%B8%89%E5%80%8B%E9%BB%83%E9%87%91%E4%BD%8D%E7%BD%AE,0,220,0%,6.78
https://content.weddingwishlove.com/1760/#%F0%9F%8C%BA%E4%B8%8D%E5%90%8C%E3%80%8C%E8%8A%B1%E3%80%8D%E5%B0%8D%E6%87%89%E4%B8%8D%E5%90%8C%E7%9A%84%E6%8B%9B%E6%A1%83%E8%8A%B1%E5%AF%93%E6%84%8F,0,219,0%,6.72
https://content.weddingwishlove.com/1854/#%F0%9F%91%8D-2025-%E4%BA%A4%E6%8F%9B%E7%A6%AE%E7%89%A9%E6%8E%A8%E8%96%A6%E6%B8%85%E5%96%AE-top-15,0,219,0%,7.55
https://content.weddingwishlove.com/1760/#%F0%9F%8C%B7%E7%82%BA%E4%BB%80%E9%BA%BC%E8%8A%B1%E8%83%BD%E6%8B%9B%E6%A1%83%E8%8A%B1%EF%BC%9F%E8%8A%B1%E8%AA%9E%E8%88%87%E6%B0%9B%E5%9C%8D,0,218,0%,6.72
https://content.weddingwishlove.com/1292/#%F0%9F%92%92-%E5%A5%BD%E7%9A%84%E5%A9%9A%E7%A6%AE%E4%BD%88%E7%BD%AE%EF%BC%8C%E6%9C%83%E5%BD%B1%E9%9F%BF%E6%95%B4%E5%A0%B4%E6%B0%9B%E5%9C%8D%E8%88%87%E8%A8%98%E6%86%B6,0,215,0%,7.08
https://content.weddingwishlove.com/1760/#%F0%9F%92%9D%E9%80%81%E8%87%AA%E5%B7%B1%E7%8E%AB%E7%91%B0%E8%8A%B1%E6%8B%9B%E6%A1%83%E8%8A%B1,0,214,0%,6.75
https://content.weddingwishlove.com/1292/#%F0%9F%92%90-%E4%BD%88%E7%BD%AE%E6%A1%88%E4%BE%8B%E5%88%86%E4%BA%AB-x-%E6%9D%91%E8%8A%B1%E5%BC%84%E5%9B%8D%E5%93%81%E7%89%8C%E4%BA%AE%E9%BB%9E,0,213,0%,7.04
https://content.weddingwishlove.com/1292/#%F0%9F%93%9D-%E5%B0%88%E6%A5%AD%E5%A9%9A%E7%A6%AE%E4%BD%88%E7%BD%AE%E6%B5%81%E7%A8%8B%E8%88%87%E6%BA%9D%E9%80%9A%E7%AD%96%E7%95%A5,0,213,0%,7.04
https://www.weddingwishlove.com/product/bar010/,0,211,0%,2.65
https://content.weddingwishlove.com/1854/#%F0%9F%92%B0-%E6%A0%B9%E6%93%9A%E9%A0%90%E7%AE%97%E4%BE%86%E6%8C%91%E9%81%B8%E8%81%96%E8%AA%95%E4%BA%A4%E6%8F%9B%E7%A6%AE%E7%89%A9,0,206,0%,7.69
https://www.weddingwishlove.com/product-category/product-weddingwish/wedding-deco/tp_stage/,0,198,0%,10.16
https://content.weddingwishlove.com/1091/#%E6%B0%B8%E7%94%9F%E8%8A%B1%E9%81%A9%E5%90%88%E9%80%81%E4%BA%BA%E5%97%8E%EF%BC%9F,0,192,0%,7.65
https://content.weddingwishlove.com/1611/#%F0%9F%91%8D-%E5%A9%9A%E7%A6%AE%E8%83%8C%E6%9D%BF%E7%9A%84%E9%A2%A8%E6%A0%BC%E6%9C%89%E5%93%AA%E4%BA%9B%EF%BC%9F4-%E5%80%8B%E6%96%B9%E5%90%91%E4%BE%9B%E4%BD%A0%E9%81%B8%E6%93%87,0,169,0%,6.41
https://content.weddingwishlove.com/1091/#%E7%82%BA%E4%BB%80%E9%BA%BC%E6%B0%B8%E7%94%9F%E8%8A%B1%E9%80%99%E9%BA%BC%E8%B2%B4%EF%BC%9F,0,159,0%,7.82
https://content.weddingwishlove.com/1611/#%F0%9F%93%92-%E5%A6%82%E4%BD%95%E6%8C%91%E9%81%B8%E5%A9%9A%E7%A6%AE%E8%83%8C%E6%9D%BF%EF%BC%9F3-%E5%80%8B%E9%97%9C%E9%8D%B5%E6%95%99%E4%BD%A0%E6%8C%91,0,154,0%,6.44
https://content.weddingwishlove.com/1854/#%F0%9F%8E%81-%E6%A0%B9%E6%93%9A%E5%A0%B4%E5%90%88%E4%BE%86%E6%8C%91%E9%81%B8%E8%81%96%E8%AA%95%E4%BA%A4%E6%8F%9B%E7%A6%AE%E7%89%A9,0,152,0%,7.88
https://www.weddingwishlove.com/product/circle/,0,146,0%,4.55
https://www.weddingwishlove.com/product/xuanwindow/,0,144,0%,5.41
https://content.weddingwishlove.com/873/#top1,0,139,0%,8.39
https://content.weddingwishlove.com/1611/#%F0%9F%92%A1-%E5%B8%B8%E8%A6%8B%E5%95%8F%E9%A1%8C-qa,0,123,0%,6.11
https://content.weddingwishlove.com/1455/#%E2%9C%A8%E6%9D%91%E5%AE%B6%E9%AE%AD%E5%A5%B3%E9%96%8B%E5%B9%95%E9%80%81%E7%A6%AE%E4%B8%89%E5%A4%A7%E5%8A%A0%E5%88%86%E9%A0%85,0,119,0%,8.68
https://content.weddingwishlove.com/1697/#%F0%9F%91%8D%E7%B5%90%E5%A9%9A%E7%B4%80%E5%BF%B5%E6%97%A5%E9%80%81%E8%8A%B1%E6%8E%A8%E8%96%A6%EF%BD%9C%E6%9D%91%E5%AE%B6%E9%AE%AD%E5%A5%B3%E7%B2%BE%E9%81%B8%E8%8A%B1%E7%A6%AE,0,111,0%,5.37
https://www.weddingwishlove.com/product/reunion/,0,111,0%,5.92
https://content.weddingwishlove.com/1611/#%E2%9D%97%EF%B8%8F%E5%A9%9A%E7%A6%AE%E8%83%8C%E6%9D%BF%E9%81%BF%E5%9D%91%E6%B3%A8%E6%84%8F%E4%BA%8B%E9%A0%85,0,102,0%,5.99
https://content.weddingwishlove.com/1697/#%F0%9F%8E%81%E7%B5%90%E5%A9%9A%E7%B4%80%E5%BF%B5%E6%97%A5%E9%80%81%E4%BB%80%E9%BA%BC%E7%A6%AE%E7%89%A9%EF%BC%9F,0,101,0%,5.56
https://www.weddingwishlove.com/product/bd_watercolor/,0,101,0%,5.88
https://content.weddingwishlove.com/1697/#%F0%9F%8E%89%E7%B5%90%E5%A9%9A%E7%B4%80%E5%BF%B5%E6%97%A5%E8%A6%81%E6%80%8E%E9%BA%BC%E6%85%B6%E7%A5%9D%EF%BC%9F%E5%89%B5%E9%80%A0%E9%9B%A3%E5%BF%98%E7%9A%84%E9%80%B1%E5%B9%B4%E5%9B%9E%E6%86%B6,0,97,0%,5.62
https://www.weddingwishlove.com/product-tag/圓形拱門/,0,95,0%,6.4
https://content.weddingwishlove.com/873/#top8,0,89,0%,9.13
https://www.weddingwishlove.com/2024/01/15/blog_20240110/,0,87,0%,10.7
https://www.weddingwishlove.com/product/fresh-white-pink-mixed-bouquets-aug20/,0,81,0%,5.85
https://www.weddingwishlove.com/rule/,0,79,0%,2.89
https://www.weddingwishlove.com/product/preserved-flower-custom-bloom/,0,75,0%,9.85
https://www.weddingwishlove.com/page_guestsharing/,0,74,0%,5.24
https://content.weddingwishlove.com/873/#top6,0,74,0%,6.3
https://content.weddingwishlove.com/1409/#%F0%9F%91%8D-%E6%9D%91%E5%AE%B6%E9%AE%AD%E5%A5%B3-top10-%E6%8D%A7%E8%8A%B1%E6%8E%A8%E8%96%A6,0,70,0%,6.77
https://content.weddingwishlove.com/1893/,0,70,0%,8.57
https://content.weddingwishlove.com/1177/#%F0%9F%92%90-%E6%88%B6%E5%A4%96%E5%A9%9A%E7%A6%AE%E4%BD%88%E7%BD%AE%E5%BB%BA%E8%AD%B0,0,69,0%,8.17
https://content.weddingwishlove.com/1177/#%F0%9F%92%92-%E6%88%B6%E5%A4%96%E5%A9%9A%E7%A6%AE%E6%80%8E%E9%BA%BC%E9%96%8B%E5%A7%8B%E8%A6%8F%E5%8A%83%EF%BC%9F%E4%B8%89%E4%BB%B6%E4%BA%8B%E5%85%88%E6%83%B3%E6%B8%85%E6%A5%9A,0,69,0%,8.19
https://content.weddingwishlove.com/1824/#%F0%9F%91%8D2026-%E9%80%81%E4%BA%BA%E7%A6%AE%E7%89%A9%E6%8E%A8%E8%96%A6-top10,0,69,0%,8.67
https://www.weddingwishlove.com/blog/,0,68,0%,3.29
https://content.weddingwishlove.com/1409/#%E6%8C%91%E9%81%B8%E6%8D%A7%E8%8A%B1%E7%9A%84%E6%B3%A8%E6%84%8F%E4%BA%8B%E9%A0%85,0,68,0%,6.81
https://content.weddingwishlove.com/400/#%F0%9F%8E%93%E7%95%A2%E6%A5%AD%E9%80%81%E4%BB%80%E9%BA%BC%E8%8A%B1%E7%9A%84-4-%E5%80%8B%E6%8C%91%E9%81%B8%E6%8C%87%E5%8D%97,0,67,0%,7.37
https://www.weddingwishlove.com/2022/01/09/blog_220109/,0,66,0%,26.65
https://content.weddingwishlove.com/509/#%E6%B0%B8%E7%94%9F%E8%8A%B1%E7%9A%84%E8%A3%BD%E4%BD%9C%E8%88%87%E7%85%A7%E9%A1%A7%E6%96%B9%E5%BC%8F,0,65,0%,8.83
https://content.weddingwishlove.com/400/#%F0%9F%8E%93-%E7%95%A2%E6%A5%AD%E8%8A%B1%E6%9D%9F%E5%B8%B8%E8%A6%8B%E5%95%8F%E9%A1%8C,0,64,0%,7.36
https://content.weddingwishlove.com/1177/#%F0%9F%92%B5-%E6%88%B6%E5%A4%96%E5%A9%9A%E7%A6%AE%E8%B2%BB%E7%94%A8%E5%85%A8%E9%9D%A2%E8%A7%A3%E6%9E%90,0,64,0%,8.17
https://www.weddingwishlove.com/product/minired2/,0,63,0%,5
https://content.weddingwishlove.com/509/#%E6%B0%B8%E7%94%9F%E8%8A%B1%E4%BB%8B%E7%B4%B9,0,63,0%,8.97
https://content.weddingwishlove.com/400/#%E2%9C%8F%EF%B8%8F-%E6%8C%87%E5%8D%97%E4%BA%8C%EF%BC%9A%E6%A0%B9%E6%93%9A%E5%B8%B8%E8%A6%8B%E7%9A%84%E8%8A%B1%E8%AA%9E%E6%8C%91%E9%81%B8%E7%95%A2%E6%A5%AD%E9%80%81%E4%BB%80%E9%BA%BC%E8%8A%B1,0,62,0%,7.34
https://www.weddingwishlove.com/2025/11/02/blog_251102/,0,62,0%,9.24
https://www.weddingwishlove.com/product/circlegas/,0,61,0%,1.97
https://www.weddingwishlove.com/clients/,0,61,0%,5.82
https://content.weddingwishlove.com/2258/#%E7%82%BA%E4%BB%80%E9%BA%BC%E6%B0%B8%E7%94%9F%E8%8A%B1%E6%98%AF%E6%9C%80%E9%81%A9%E5%90%88%E8%BE%A6%E5%85%AC%E5%AE%A4%E7%9A%84%E9%A2%A8%E6%B0%B4%E5%B0%8F%E7%89%A9%EF%BC%9F%E7%A0%B4%E9%99%A4%E6%B0%B8,0,60,0%,6.7
https://content.weddingwishlove.com/509/#%F0%9F%94%8D-%E6%B0%B8%E7%94%9F%E8%8A%B1%E5%B8%B8%E8%A6%8B%E5%95%8F%E9%A1%8C%EF%BC%88faq%EF%BC%89,0,59,0%,8.76
https://content.weddingwishlove.com/2011/#%F0%9F%8C%B9%E9%81%8E%E5%B9%B4%E8%8A%B1%E5%8D%89%E6%8E%A8%E8%96%A6%EF%BC%9A%E7%86%B1%E9%8A%B7%E5%93%81%E9%A0%85%E8%88%87%E9%81%B8%E8%B3%BC%E5%BB%BA%E8%AD%B0,0,58,0%,6.74
https://content.weddingwishlove.com/400/#%F0%9F%8E%93-%E7%82%BA%E4%BB%80%E9%BA%BC%E7%95%A2%E6%A5%AD%E5%85%B8%E7%A6%AE%E8%A6%81%E9%80%81%E8%8A%B1%EF%BC%9F,0,58,0%,7.14
https://www.weddingwishlove.com/product/circlegas_pink/,0,57,0%,1.93
https://content.weddingwishlove.com/1409/#%E6%96%B0%E5%A8%98%E6%8D%A7%E8%8A%B1%E6%80%8E%E9%BA%BC%E6%8C%91%EF%BC%9F%E4%B8%89%E6%AD%A5%E9%A9%9F%E8%BC%95%E9%AC%86%E6%89%BE%E5%88%B0%E4%BD%A0%E7%9A%84%E5%91%BD%E5%AE%9A%E6%8D%A7%E8%8A%B1,0,57,0%,6.88
https://content.weddingwishlove.com/2258/#%F0%9F%92%A1%E8%BE%A6%E5%85%AC%E5%AE%A4%E6%A1%8C%E5%AD%90%E9%A2%A8%E6%B0%B4-faq,0,57,0%,6.91
https://www.weddingwishlove.com/product/benq_archwood4/,0,56,0%,3.48
https://content.weddingwishlove.com/509/#%E6%B0%B8%E7%94%9F%E8%8A%B1%E7%9A%84%E5%90%AB%E7%BE%A9%E8%88%87%E9%80%81%E7%A6%AE%E5%A0%B4%E5%90%88%E6%8E%A8%E8%96%A6,0,56,0%,8.5
https://content.weddingwishlove.com/2011/#%F0%9F%92%90%E5%BB%B6%E9%95%B7%E8%A7%80%E8%B3%9E%E6%9C%9F%EF%BC%81%E9%81%8E%E5%B9%B4%E8%8A%B1%E5%8D%89%E7%9A%84%E5%B0%88%E6%A5%AD%E4%BF%9D%E9%A4%8A%E8%88%87%E7%85%A7%E9%A1%A7%E6%8A%80%E5%B7%A7,0,55,0%,6.67
https://content.weddingwishlove.com/2258/#%E8%BE%A6%E5%85%AC%E5%AE%A4%E9%A2%A8%E6%B0%B4%E7%A6%81%E5%BF%8C-top-5%EF%BC%9A%E9%80%99%E4%BA%9B%E6%9D%B1%E8%A5%BF%E5%8D%83%E8%90%AC%E5%88%A5%E6%94%BE%E8%BE%A6%E5%85%AC%E6%A1%8C%E4%B8%8A,0,55,0%,6.73
https://content.weddingwishlove.com/400/#%E2%9C%8F%EF%B8%8F-%E6%8C%87%E5%8D%97%E4%B8%89%EF%BC%9A%E6%A0%B9%E6%93%9A%E9%A1%8F%E8%89%B2%E6%8C%91%E9%81%B8%E7%95%A2%E6%A5%AD%E9%80%81%E4%BB%80%E9%BA%BC%E8%8A%B1,0,55,0%,7.24
https://www.weddingwishlove.com/product/bar015/,0,54,0%,5.19
https://www.weddingwishlove.com/product/the-gleaners/,0,54,0%,7.13
https://www.weddingwishlove.com/product-tag/拱門佈置/,0,54,0%,8.93
https://content.weddingwishlove.com/1409/#%E6%8D%A7%E8%8A%B1%E8%8A%B1%E6%9D%90%E9%81%B8%E5%93%AA%E5%80%8B%EF%BC%9F%E9%AE%AE%E8%8A%B1-vs-%E6%B0%B8%E7%94%9F%E8%8A%B1,0,53,0%,6.7
https://content.weddingwishlove.com/400/#%E2%9C%8F%EF%B8%8F-%E6%8C%87%E5%8D%97%E5%9B%9B%EF%BC%9A%E6%A0%B9%E6%93%9A%E9%A0%90%E7%AE%97%E6%8C%91%E9%81%B8%E7%95%A2%E6%A5%AD%E9%80%81%E4%BB%80%E9%BA%BC%E8%8A%B1,0,53,0%,7.13
https://content.weddingwishlove.com/2258/#2026-%E6%80%8E%E9%BA%BC%E4%BD%88%E7%BD%AE%E8%BE%A6%E5%85%AC%E6%A1%8C%EF%BC%9A4-%E5%80%8B%E6%96%B9%E4%BD%8D%E5%B9%AB%E4%BD%A0%E7%B2%BE%E6%BA%96%E6%97%BA%E8%B2%A1%E9%81%8B%E5%92%8C%E6%96%87%E6%98%8C,0,52,0%,6.96
https://content.weddingwishlove.com/1177/#%F0%9F%97%93%EF%B8%8F-%E6%88%B6%E5%A4%96%E5%A9%9A%E7%A6%AE%E6%B5%81%E7%A8%8B%E6%80%8E%E9%BA%BC%E5%AE%89%E6%8E%92%EF%BC%9F,0,52,0%,8.33
https://content.weddingwishlove.com/509/#%E6%B0%B8%E7%94%9F%E8%8A%B1%E6%80%8E%E9%BA%BC%E6%8C%91%EF%BC%9F3-%E9%87%8D%E9%BB%9E%E9%80%9F%E5%AD%B8%E6%B0%B8%E7%94%9F%E8%8A%B1%E6%8C%91%E9%81%B8%E7%A7%98%E8%A8%A3,0,52,0%,8.77
https://content.weddingwishlove.com/1177/#%F0%9F%92%92-%E6%88%B6%E5%A4%96%E5%A9%9A%E7%A6%AE%E6%98%AF%E4%BB%80%E9%BA%BC%EF%BC%9F,0,50,0%,8.18
https://content.weddingwishlove.com/509/#%E8%8A%B1%E7%9A%84%E5%83%B9%E6%A0%BC%E5%B7%AE%E7%95%B0%E5%92%8C%E8%B3%BC%E8%B2%B7%E7%9A%84%E6%B3%A8%E6%84%8F%E4%BA%8B%E9%A0%85,0,50,0%,8.66
https://www.weddingwishlove.com/product/pack_blackgatsby/,0,49,0%,3.04
https://content.weddingwishlove.com/1409/#%E6%B0%B8%E7%94%9F%E8%8A%B1%E6%8D%A7%E8%8A%B1%E7%85%A7%E8%AD%B7%E6%96%B9%E6%B3%95,0,49,0%,6.76
https://content.weddingwishlove.com/2258/#%E5%BE%9E%E6%A1%8C%E9%9D%A2%E9%96%8B%E5%A7%8B%EF%BC%8C%E8%A8%82%E8%A3%BD%E4%BD%A0%E7%9A%84-2026-%E8%81%B7%E5%A0%B4%E6%96%B0%E6%B0%A3%E8%B1%A1,0,49,0%,7.14
https://content.weddingwishlove.com/2258/#%E8%BE%A6%E5%85%AC%E6%A1%8C%E9%A2%A8%E6%B0%B4-3-%E5%A4%A7%E4%BD%88%E7%BD%AE%E5%8E%9F%E5%89%87%EF%BC%9A%E5%B7%A6%E9%9D%92%E9%BE%8D%E3%80%81%E5%8F%B3%E7%99%BD%E8%99%8E%E9%80%99%E6%A8%A3%E6%93%BA,0,49,0%,7.14
https://www.weddingwishlove.com/product-category/product-salmon-belle-florals/fresh-bouquets/fresh-small-bouquets/,0,49,0%,8.65
https://content.weddingwishlove.com/1538/#%F0%9F%92%9D-%E6%83%85%E4%BA%BA%E7%AF%80%E9%80%81%E7%94%B7%E5%8F%8B%E7%A6%AE%E7%89%A9-vs-%E9%80%81%E5%A5%B3%E5%8F%8B%E7%A6%AE%E7%89%A9,0,48,0%,8.88
https://content.weddingwishlove.com/1409/#%E9%AE%AE%E8%8A%B1%E6%8D%A7%E8%8A%B1%E4%BF%9D%E5%AD%98%E6%96%B9%E6%B3%95,0,47,0%,6.7
https://content.weddingwishlove.com/1177/#%F0%9F%92%A1-10-%E5%80%8B%E5%B8%B8%E8%A6%8B%E5%95%8F%E9%A1%8C-faq,0,47,0%,8.34
https://www.weddingwishlove.com/product/benq_archwood2/,0,47,0%,10.15
https://www.weddingwishlove.com/page_valentinebox/,0,46,0%,6.5
https://content.weddingwishlove.com/1538/#%F0%9F%91%8D-%E6%83%85%E4%BA%BA%E7%AF%80-%E4%B8%83%E5%A4%95%E7%A6%AE%E7%89%A9-top10-%E7%B2%BE%E9%81%B8%E6%8E%A8%E8%96%A6,0,46,0%,8.78
https://www.weddingwishlove.com/product/lit005/,0,45,0%,6.6
https://www.weddingwishlove.com/product/flr019/,0,44,0%,2.36
https://www.weddingwishlove.com/product-category/product-weddingwish/rent-items/backdrop-all/backdrop-diyarch/,0,44,0%,8.3
https://content.weddingwishlove.com/1538/#1,0,44,0%,8.89
https://www.weddingwishlove.com/product/benq_archwood5/,0,43,0%,2.3
https://www.weddingwishlove.com/product/fresh-pink-red-bouquet-aug12/,0,43,0%,4.4
https://www.weddingwishlove.com/product/polly/,0,43,0%,6.49
https://content.weddingwishlove.com/1611/#%E2%9D%97%EF%B8%8F%E5%A9%9A%E7%A6%AE%E4%BD%BF%E7%94%A8%E8%83%8C%E6%9D%BF%E6%99%82%E8%A6%81%E6%B3%A8%E6%84%8F%E7%9A%84%E9%81%BF%E5%9D%91%E4%BA%8B%E9%A0%85,0,43,0%,7.33
https://www.weddingwishlove.com/product/fresh-handtied-spiral-bouquet-aug12/,0,43,0%,7.58
https://www.weddingwishlove.com/product/benq_archwood1/,0,43,0%,14.3
https://www.weddingwishlove.com/product/fullmoon/,0,42,0%,4.19
https://www.weddingwishlove.com/product/flr023/,0,42,0%,6.31
https://www.weddingwishlove.com/product/fresh-white-green-mixed-bouquets-aug20/,0,42,0%,6.33
https://content.weddingwishlove.com/1538/#%F0%9F%8E%81-%E6%83%85%E4%BA%BA%E7%AF%80-%E4%B8%83%E5%A4%95%E7%A6%AE%E7%89%A9%E8%A6%81%E9%80%81%E4%BB%80%E9%BA%BC%EF%BC%9F%E6%80%8E%E9%BA%BC%E9%80%81%EF%BC%9F,0,41,0%,8.78
https://www.weddingwishlove.com/product/bd_bluemoon/,0,41,0%,8.98
https://content.weddingwishlove.com/873/#top4,0,40,0%,7.75
https://www.weddingwishlove.com/product/bar018/,0,39,0%,2.82
https://www.weddingwishlove.com/product-category/product-weddingwish/,0,38,0%,3.37
https://content.weddingwishlove.com/1538/#%F0%9F%8C%B9-%E6%83%85%E4%BA%BA%E7%AF%80-%E4%B8%83%E5%A4%95%E7%A6%AE%E7%89%A9%E9%80%81%E7%A6%AE%E7%9A%84%E6%96%B0%E8%B6%A8%E5%8B%A2%E3%80%8B%E5%B0%88%E5%B1%AC%E5%AE%A2%E8%A3%BD%E5%8C%96%E3%80%81,0,38,0%,8.87
https://www.weddingwishlove.com/product/bd_thegreatgatsby-1/,0,37,0%,4.16
https://content.weddingwishlove.com/1611/#%F0%9F%93%9D-%E8%88%89%E8%BE%A6%E5%A9%9A%E7%A6%AE%E6%9C%89%E9%9C%80%E8%A6%81%E6%BA%96%E5%82%99%E5%A9%9A%E7%A6%AE%E8%83%8C%E6%9D%BF%E5%97%8E%EF%BC%9F-%E6%9C%89-3-%E5%A4%A7%E7%94%A8%E9%80%94,0,37,0%,7.27
https://www.weddingwishlove.com/product/bouquet-graduation-blue-memory/,0,37,0%,7.84
https://www.weddingwishlove.com/product/cas002/,0,37,0%,9.86
https://www.weddingwishlove.com/salmonbellefloral-old/graduation-bouquet/,0,36,0%,9.31
https://content.weddingwishlove.com/1611/#%F0%9F%92%A1-%E5%A9%9A%E7%A6%AE%E8%83%8C%E6%9D%BF%E5%B8%B8%E8%A6%8B%E5%95%8F%E9%A1%8C-qa,0,34,0%,7.24
https://www.weddingwishlove.com/product/pack_miragealice/,0,33,0%,6.42
https://content.weddingwishlove.com/2011/#%F0%9F%9B%92%E9%81%8E%E5%B9%B4%E8%8A%B1%E5%8D%89%E9%81%B8%E8%B3%BC%E6%8C%87%E5%8D%97%EF%BC%9A%E4%B8%89%E5%A4%A7%E8%B6%A8%E5%8B%A2%E8%88%87%E5%90%89%E7%A5%A5%E6%8B%9B%E8%B2%A1%E9%85%8D%E8%89%B2,0,33,0%,7.36
https://content.weddingwishlove.com/400/#%F0%9F%92%A1-q2%EF%BC%9A%E7%95%A2%E6%A5%AD%E9%80%81%E4%BB%80%E9%BA%BC%E8%8A%B1%E6%9C%89%E7%A6%81%E5%BF%8C%E5%97%8E%EF%BC%9F,0,31,0%,6.32
https://www.weddingwishlove.com/product/fresh-handtied-red-rose-bouquet-aug29/,0,30,0%,4.97
https://content.weddingwishlove.com/2011/#%F0%9F%8F%BA%E9%81%8E%E5%B9%B4%E8%8A%B1%E5%8D%89%E4%BD%88%E7%BD%AE%E6%80%8E%E9%BA%BC%E6%94%BE%EF%BC%9F%E4%BE%9D%E7%A9%BA%E9%96%93%E5%8A%9F%E8%83%BD%E9%81%B8%E6%93%87%E6%9C%80%E5%90%88%E9%81%A9,0,30,0%,7.3
https://content.weddingwishlove.com/1538/#%F0%9F%92%B0-%E6%A0%B9%E6%93%9A%E9%A0%90%E7%AE%97%E9%81%B8%E7%A6%AE%E7%89%A9,0,30,0%,8.67
https://content.weddingwishlove.com/1538/#2,0,30,0%,8.73
https://www.weddingwishlove.com/product/skygardenpro/,0,30,0%,21.7
https://www.weddingwishlove.com/salmonbellefloral-v4-zh/,0,29,0%,8.72
https://content.weddingwishlove.com/873/#%F0%9F%8C%BC-%E8%8A%B1%E8%AA%9E%E5%86%B7%E7%9F%A5%E8%AD%98%EF%BC%86%E9%81%BF%E5%9D%91%E6%B8%85%E5%96%AE,0,29,0%,10.07
https://content.weddingwishlove.com/311/#%F0%9F%8C%BC-%E7%86%B1%E9%96%80%E7%95%A2%E6%A5%AD%E8%8A%B1%E6%9D%9F%E6%8E%A8%E8%96%A6-top-7-%F0%9F%8C%BC,0,28,0%,8.61
https://www.weddingwishlove.com/salmonbellefloral/2025-xmas/,0,27,0%,4.33
https://www.weddingwishlove.com/product/bar001-002/,0,27,0%,6.19
https://www.weddingwishlove.com/product/simplearch/,0,27,0%,6.56
https://content.weddingwishlove.com/311/#%F0%9F%9B%92-%E8%A6%81%E5%A6%82%E4%BD%95%E6%8C%91%E9%81%B8%E7%95%A2%E6%A5%AD%E8%8A%B1%E6%9D%9F%E5%91%A2%EF%BC%9F4-%E5%80%8B%E5%AF%A6%E7%94%A8%E9%81%B8%E8%B3%BC%E6%8C%87%E5%8D%97,0,27,0%,8.52
https://content.weddingwishlove.com/1854/#%F0%9F%91%8D-2026-%E4%BA%A4%E6%8F%9B%E7%A6%AE%E7%89%A9%E6%8E%A8%E8%96%A6%E6%B8%85%E5%96%AE-top-15,0,26,0%,8.35
https://www.weddingwishlove.com/product/bar007/,0,26,0%,8.42
https://content.weddingwishlove.com/311/#%F0%9F%94%8E%E7%95%A2%E6%A5%AD%E8%8A%B1%E6%9D%9F%E5%B8%B8%E8%A6%8B%E5%95%8F%E9%A1%8C-faq,0,26,0%,8.54
https://www.weddingwishlove.com/product/pack_woodylove/,0,25,0%,4.48
https://content.weddingwishlove.com/1854/#%F0%9F%8E%81-%E6%A0%B9%E6%93%9A%E5%A0%B4%E5%90%88%E4%BE%86%E6%8C%91%E9%81%B8%E8%81%96%E8%AA%95%E7%AF%80%E4%BA%A4%E6%8F%9B%E7%A6%AE%E7%89%A9,0,25,0%,6.6
https://www.weddingwishlove.com/2025/10/14/blog_1014/,0,25,0%,6.84
https://content.weddingwishlove.com/622/#%F0%9F%94%A5-2026-%E6%83%85%E4%BA%BA%E7%AF%80%E7%A6%AE%E7%89%A9%E6%8E%A8%E8%96%A6-top15-%F0%9F%94%A5,0,25,0%,8.2
https://www.weddingwishlove.com/salmonbellefloral-old/page_corsage/,0,25,0%,14.12
https://www.weddingwishlove.com/product-tag/拱門佈置/page/2/,0,25,0%,17.36
https://www.weddingwishlove.com/product/semicircle_arch3/,0,24,0%,3.58
https://www.weddingwishlove.com/product/flr024/,0,24,0%,3.83
https://content.weddingwishlove.com/1236/#%F0%9F%8C%BC-%E6%9D%91%E5%AE%B6%E9%AE%AD%E5%A5%B3%E5%93%81%E7%89%8C%E7%B0%A1%E4%BB%8B,0,24,0%,8.29
https://content.weddingwishlove.com/1236/#%F0%9F%8F%A0-%E6%9D%91%E5%AE%B6%E9%AE%AD%E5%A5%B3%EF%BD%9C%E5%8F%B0%E5%8C%97%E5%A3%AB%E6%9E%97%E9%96%80%E5%B8%82%E4%BB%8B%E7%B4%B9,0,24,0%,8.29
https://content.weddingwishlove.com/1236/#%F0%9F%92%90-%E6%9D%91%E5%AE%B6%E9%AE%AD%E5%A5%B3%E8%8A%B1%E8%97%9D%E4%BD%9C%E5%93%81%E4%BB%8B%E7%B4%B9,0,24,0%,8.29
https://www.weddingwishlove.com/product-category/product-salmon-belle-florals/fresh-flower/,0,24,0%,11.04
https://www.weddingwishlove.com/product/fresh-small-table/,0,23,0%,3.74
https://www.weddingwishlove.com/product-category/product-weddingwish/rent-items/tabletop-combo/,0,23,0%,4.52
https://www.weddingwishlove.com/product/miniwh2/,0,23,0%,4.78
https://www.weddingwishlove.com/product/pack_gatsbyw/,0,23,0%,4.96
https://www.weddingwishlove.com/product-tag/紫色系/,0,23,0%,6.96
https://www.weddingwishlove.com/2021/10/01/blog_210227/,0,23,0%,7.13
https://content.weddingwishlove.com/622/#%F0%9F%92%B0-%E6%83%85%E4%BA%BA%E7%AF%80%E7%A6%AE%E7%89%A9%E9%A0%90%E7%AE%97%E6%80%8E%E9%BA%BC%E6%8A%93%EF%BC%9F-3-%E7%A8%AE%E5%83%B9%E4%BD%8D%E5%B9%AB%E4%BD%A0%E5%81%9A%E6%B1%BA%E5%AE%9A,0,23,0%,8.35
https://www.weddingwishlove.com/product/flr022/,0,22,0%,4.36
https://www.weddingwishlove.com/product-category/product-weddingwish/rent-items/single-item/ground/,0,22,0%,5.73
https://content.weddingwishlove.com/311/#%E7%95%A2%E6%A5%AD%E8%8A%B1%E6%9D%9F%E6%8E%A8%E8%96%A6-1%EF%BC%9A%E6%9D%91%E5%AE%B6%E9%AE%AD%E5%A5%B3%E7%95%A2%E6%A5%AD%E5%AD%A3%E9%99%90%E5%AE%9A%E8%8A%B1%E6%9D%9F%E3%80%8A%E4%BB%8A%E5%B9%B4%EF%BC%8C,0,22,0%,8.55
https://www.weddingwishlove.com/product/pack_industrial/,0,22,0%,8.59
https://www.weddingwishlove.com/salmonbellefloral-old/page_bridalbouquet/,0,22,0%,15.64
https://www.weddingwishlove.com/product/weatheredwood/,0,21,0%,5.48
https://content.weddingwishlove.com/873/#top2,0,21,0%,7.33
https://content.weddingwishlove.com/1538/#5,0,21,0%,9.1
https://www.weddingwishlove.com/product/circle-2/,0,20,0%,5.4
https://www.weddingwishlove.com/product/fresh-20-giant-bouquet-aug19/,0,20,0%,7.2
https://www.weddingwishlove.com/product/wkf001/,0,20,0%,10.15
https://salmonbelle.weddingwishlove.com/blog/salmon-mr-story,0,19,0%,4.63
https://www.weddingwishlove.com/product-category/product-weddingwish/rent-items/single-item/fake-flower/topflower/,0,19,0%,8.26
https://content.weddingwishlove.com/311/#%E7%95%A2%E6%A5%AD%E8%8A%B1%E6%9D%9F%E6%8E%A8%E8%96%A6-3%EF%BC%9A%E6%9C%89%E7%A6%AE%E7%9C%9F%E5%A5%BD%EF%BC%8D%E7%95%A2%E6%A5%AD%E7%86%8A%E7%86%8A%E4%BE%86%E7%A5%9D%E8%B3%80-%E9%87%91%E8%8E%8E,0,19,0%,8.37
https://content.weddingwishlove.com/311/#%E7%95%A2%E6%A5%AD%E8%8A%B1%E6%9D%9F%E6%8E%A8%E8%96%A6-4%EF%BC%9A%E6%9D%91%E5%AE%B6%E9%AE%AD%E5%A5%B3%E6%B0%B8%E7%94%9F%E8%8A%B1%EF%BC%8D%E6%97%A5%E5%85%89%E6%89%8B%E6%89%8E%E7%B3%BB%E5%88%97,0,19,0%,8.79
https://www.weddingwishlove.com/product-category/product-weddingwish/rent-items/backdrop/watercolor/,0,18,0%,3.56
https://www.weddingwishlove.com/product/flowerfeather/,0,18,0%,7.06
https://www.weddingwishlove.com/product/puremarble/,0,18,0%,7.39
https://www.weddingwishlove.com/flower-color/ph/,0,18,0%,8.28
https://www.weddingwishlove.com/product/flr020/,0,17,0%,1.41
https://salmonbelle.weddingwishlove.com/about,0,17,0%,4.29
https://www.weddingwishlove.com/product/pack_springred/,0,17,0%,6.24
https://www.weddingwishlove.com/product/sunlight-note-single-bouquet/,0,17,0%,7.06
https://www.weddingwishlove.com/product/preserved-creativity-table-aug22/,0,17,0%,7.65
https://content.weddingwishlove.com/400/#%F0%9F%92%A1-q1%EF%BC%9A%E7%95%A2%E6%A5%AD%E8%8A%B1%E6%9D%9F%E5%88%B0%E5%BA%95%E8%A6%81%E8%B2%B7%E5%A4%9A%E5%A4%A7%EF%BC%9F,0,17,0%,8.18
https://www.weddingwishlove.com/product-category/product-weddingwish/page/2/,0,16,0%,1.31
https://www.weddingwishlove.com/product/stage-3/,0,16,0%,3.5
https://www.weddingwishlove.com/page_preservedbouquet/,0,16,0%,6.94
https://www.weddingwishlove.com/page_flowerdeco/,0,16,0%,7
https://content.weddingwishlove.com/400/#%F0%9F%92%A1-q3%EF%BC%9A%E7%95%A2%E6%A5%AD%E8%8A%B1%E6%9D%9F%E8%A6%81%E6%80%8E%E9%BA%BC%E4%BF%9D%E5%AD%98%EF%BC%9F,0,16,0%,7.94
https://content.weddingwishlove.com/1854/#%F0%9F%92%B0-%E6%A0%B9%E6%93%9A%E9%A0%90%E7%AE%97%E4%BE%86%E6%8C%91%E9%81%B8%E8%81%96%E8%AA%95%E7%AF%80%E4%BA%A4%E6%8F%9B%E7%A6%AE%E7%89%A9,0,16,0%,8.12
https://www.weddingwishlove.com/2023/11/01/blog_20231101/,0,16,0%,8.81
https://www.weddingwishlove.com/product/preserved-flower-graduation-set/,0,16,0%,15.31
https://www.weddingwishlove.com/page_preservedcorsage/,0,15,0%,2.53
https://www.weddingwishlove.com/product-tag/客製化婚禮/,0,15,0%,8.6
https://content.weddingwishlove.com/311/#elementor-toc__heading-anchor-12,0,15,0%,8.73
https://www.weddingwishlove.com/product/plan_littledays/,0,15,0%,10.6
https://www.weddingwishlove.com/page_flowerbelljar/,0,14,0%,1
https://www.weddingwishlove.com/product/bar016/,0,14,0%,3.29
https://www.weddingwishlove.com/product/fresh-simple-bouquets-aug21/,0,14,0%,5.21
https://www.weddingwishlove.com/page_flowerbasket/,0,14,0%,7
https://www.weddingwishlove.com/shop/,0,14,0%,7.07
https://www.weddingwishlove.com/product/sunlight-note-single-bouquet-2/,0,14,0%,7.5
https://content.weddingwishlove.com/622/#top8,0,14,0%,8
https://www.weddingwishlove.com/2020/04/21/blog_200421/,0,14,0%,8.07
https://www.weddingwishlove.com/2019/06/14/blog_190614/,0,14,0%,8.5
https://content.weddingwishlove.com/1236/#%F0%9F%92%A1-%E5%B8%B8%E8%A6%8B%E5%95%8F%E9%A1%8C-faq,0,14,0%,8.79
https://www.weddingwishlove.com/page_corsage/,0,14,0%,10
https://www.weddingwishlove.com/product/bar017-2/,0,14,0%,13.07
https://www.weddingwishlove.com/product-category/product-salmon-belle-florals/fresh-packaged-bouquets/,0,14,0%,17.29
https://www.weddingwishlove.com/product/top002/,0,13,0%,2.77
https://www.weddingwishlove.com/product/summerg/,0,13,0%,5.54
https://www.weddingwishlove.com/product/fresh-colorful-bouquet-aug11/,0,13,0%,6.38
https://www.weddingwishlove.com/product-tag/黃色花束/,0,13,0%,8.38
https://www.weddingwishlove.com/product-tag/磚牆背景/,0,13,0%,9
https://www.weddingwishlove.com/product/semicircle_arch2/,0,12,0%,4.17
https://www.weddingwishlove.com/product-category/product-weddingwish/rent-items/backdrop/marble/,0,12,0%,4.58
https://www.weddingwishlove.com/product/reedarch/,0,12,0%,5.33
https://salmonbelle.weddingwishlove.com/products/class-preserved-christmas,0,12,0%,6.08
https://www.weddingwishlove.com/product-tag/西式婚禮/,0,12,0%,8
https://www.weddingwishlove.com/product-tag/捧花/,0,12,0%,8.83
https://salmonbelle.weddingwishlove.com/products/fresh-colorful-bouquet-aug11,0,12,0%,9.42
https://salmonbelle.weddingwishlove.com/products/sunlight-note-single-bouquet,0,12,0%,9.83
https://www.weddingwishlove.com/product-category/product-weddingwish/rent-items/page/9/,0,12,0%,10.58
https://www.weddingwishlove.com/product/peachred/,0,12,0%,16.58
https://www.weddingwishlove.com/salmonbellefloral-old/page_preservedcorsage/,0,12,0%,25.42
https://www.weddingwishlove.com/product-tag/證婚佈置/,0,11,0%,3.18
https://www.weddingwishlove.com/product/stage-5/,0,11,0%,4.45
https://www.weddingwishlove.com/product/plan_twgirlred/,0,11,0%,5.09
https://www.weddingwishlove.com/product-tag/粉色系/,0,11,0%,5.36
https://www.weddingwishlove.com/2025/03/01/blog_250301/,0,11,0%,5.55
https://www.weddingwishlove.com/product/fresh-cascading-bouquet-pink/,0,11,0%,6
https://www.weddingwishlove.com/2025/07/20/blog_250720/,0,11,0%,6.36
https://www.weddingwishlove.com/product/preserved-p-table/,0,11,0%,7.18
https://content.weddingwishlove.com/622/#top1,0,11,0%,8.45
https://www.weddingwishlove.com/product-tag/鮮花小花束/,0,11,0%,9
https://content.weddingwishlove.com/1409/#1,0,11,0%,9.27
https://www.weddingwishlove.com/2022/09/03/blog220903/,0,11,0%,10.36
https://www.weddingwishlove.com/product-category/product-salmon-belle-florals/fresh-bouquets/,0,11,0%,25.91
https://www.weddingwishlove.com/product-tag/蘆葦/,0,11,0%,33.27
https://www.weddingwishlove.com/product/fresh-handtied-purple-bouquet-aug29/,0,10,0%,2.2
https://www.weddingwishlove.com/product/miniwh/,0,10,0%,3.6
https://www.weddingwishlove.com/product/preserved-pink-table/,0,10,0%,4.5
https://www.weddingwishlove.com/product/fresh-custom-mixed-bouquets-aug20/,0,10,0%,5.6
https://www.weddingwishlove.com/product/preserved-glass-table-aug22/,0,10,0%,5.7
https://www.weddingwishlove.com/2024/11/20/blog_20241116/,0,10,0%,6.6
https://www.weddingwishlove.com/product-tag/奶茶色/,0,10,0%,7
https://www.weddingwishlove.com/product/七夕情人節｜紅酒烈焰-媽媽咪呀紅玫瑰花束/,0,10,0%,7.4
https://www.weddingwishlove.com/product-category/product-salmon-belle-florals/business-floral/,0,10,0%,7.8
https://www.weddingwishlove.com/2023/09/16/blog_20230916/,0,10,0%,8.5
https://www.weddingwishlove.com/rental-procedure/,0,10,0%,10
https://www.weddingwishlove.com/product-category/product-weddingwish/rent-items/tabletop-combo/green-country/,0,10,0%,13.5
https://www.weddingwishlove.com/product-category/product-salmon-belle-florals/business-floral/opening-flowers/,0,10,0%,14.2
https://www.weddingwishlove.com/product-tag/黑金色系/,0,9,0%,3.56
https://www.weddingwishlove.com/product/floralmarble/,0,9,0%,4.22
https://www.weddingwishlove.com/2026/04/10/blog_260322/,0,9,0%,4.33
https://www.weddingwishlove.com/product/minifores/,0,9,0%,5.89
https://www.weddingwishlove.com/product-category/product-weddingwish/rent-items/backdrop-all/backdrop-combo/pack-country/,0,9,0%,6.56
https://www.weddingwishlove.com/product/fresh-handtied-pink-rose-bouquet-aug29/,0,9,0%,6.78
https://www.weddingwishlove.com/product-category/product-weddingwish/rent-items/backdrop-all/,0,9,0%,7.78
https://content.weddingwishlove.com/622/#%E6%83%85%E4%BA%BA%E7%AF%80%E9%80%81%E7%A6%AE%E5%AF%A6%E7%94%A8%E6%94%BB%E7%95%A5%EF%BC%9A%E9%A0%90%E7%AE%97%E3%80%81%E4%BF%9D%E5%AD%98%E3%80%81%E5%93%81%E8%B3%AA%E4%B8%80%E6%AC%A1%E6%90%9E%E6%87%82,0,9,0%,8.89
https://content.weddingwishlove.com/622/#%E6%83%85%E4%BA%BA%E7%AF%80%E9%80%81%E7%A6%AE%EF%BC%8C%E5%A6%82%E4%BD%95%E8%83%BD%E9%80%81%E5%88%B0%E4%BB%96%EF%BC%8F%E5%A5%B9%E7%9A%84%E5%BF%83%E5%9D%8E%E8%A3%A1%EF%BC%9F,0,9,0%,8.89
https://content.weddingwishlove.com/1409/#3,0,9,0%,10.11
https://content.weddingwishlove.com/1409/#6,0,9,0%,10.11
https://www.weddingwishlove.com/product/bar_10/,0,9,0%,10.33
https://www.weddingwishlove.com/product/fresh-simple-bouquets-red-roses-tulips/,0,9,0%,11.33
https://www.weddingwishlove.com/2020/01/14/blog_200114/,0,9,0%,14.56
https://www.weddingwishlove.com/category/post_goodjob_blog/,0,9,0%,25.56
https://www.weddingwishlove.com/product/greenyellowcountry/,0,8,0%,3.25
https://www.weddingwishlove.com/product-tag/韓系簡約風/page/2/,0,8,0%,3.75
https://www.weddingwishlove.com/product/seat/,0,8,0%,5.5
https://www.weddingwishlove.com/product/stage/,0,8,0%,6.12
https://www.weddingwishlove.com/2026/04/25/jinsemai-bmw-million-wedding/,0,8,0%,6.5
https://www.weddingwishlove.com/product-tag/窗花布幕/,0,8,0%,6.62
https://www.weddingwishlove.com/2023/11/26/blog_20231126/,0,8,0%,7
https://www.weddingwishlove.com/product/flr021/,0,8,0%,7.12
https://www.weddingwishlove.com/product/fresh-handtied-tulip-bouquet-aug28-2/,0,8,0%,7.25
https://content.weddingwishlove.com/400/#%E2%9C%8F%EF%B8%8F-%E6%8C%87%E5%8D%97%E4%B8%80%EF%BC%9A%E6%A0%B9%E6%93%9A-4-%E5%80%8B%E9%80%81%E7%A6%AE%E5%B0%8D%E8%B1%A1%E4%BE%86%E6%8C%91,0,8,0%,8.88
https://content.weddingwishlove.com/622/#%F0%9F%A7%90-%E6%8C%91%E5%A5%BD%E7%A6%AE%E7%89%A9%E5%BE%8C%E8%A6%81%E6%B3%A8%E6%84%8F%E4%BB%80%E9%BA%BC%EF%BC%9F%E9%80%9F%E5%AD%B8-3-%E9%BB%9E%E6%AA%A2%E6%9F%A5%E5%93%81%E8%B3%AA%E7%9A%84%E5%B0%8F,0,8,0%,9.12
https://www.weddingwishlove.com/product/puremarble2/,0,8,0%,11.12
https://www.weddingwishlove.com/product/plan_goodoldtime/,0,8,0%,12.12
https://www.weddingwishlove.com/2024/07/02/blog_20240702/,0,8,0%,13.62
https://goodjob.weddingwishlove.com/teabar.html,0,8,0%,31.75
https://www.weddingwishlove.com/product-category/product-salmon-belle-florals/accessories-floral/preserved-corsage-wrist-flower/,0,8,0%,37.25
https://www.weddingwishlove.com/product-category/product-weddingwish/page/5/,0,7,0%,2.71
https://www.weddingwishlove.com/product/bar011/,0,7,0%,2.71
https://www.weddingwishlove.com/product/stage-4/,0,7,0%,4
https://www.weddingwishlove.com/product/chalkflower/,0,7,0%,4.29
https://www.weddingwishlove.com/product-category/product-weddingwish/wedding-deco/page/4/,0,7,0%,4.43
https://www.weddingwishlove.com/2025/07/12/blog_250712/,0,7,0%,4.71
https://www.weddingwishlove.com/2025/07/27/blog_250727/,0,7,0%,4.71
https://www.weddingwishlove.com/product-category/for-rent/backdrop/country/,0,7,0%,4.71
https://www.weddingwishlove.com/product/fresh-handtied-tulip-bouquet-aug29/,0,7,0%,4.71
https://www.weddingwishlove.com/product-category/product-weddingwish/rent-items/tabletop-all/tabletop-combo/old-time/,0,7,0%,5.29
https://www.weddingwishlove.com/product/fresh-spring-summer-yellow-mixed-color/,0,7,0%,5.71
https://content.weddingwishlove.com/400/#%F0%9F%93%8D-%E5%8E%9F%E5%9B%A0-1%EF%BC%9A%E4%B8%80%E6%9D%9F%E7%95%A2%E6%A5%AD%E8%8A%B1%E6%9D%9F%E8%83%BD%E8%AE%93%E5%84%80%E5%BC%8F%E6%84%9F%E6%8F%90%E5%8D%87,0,7,0%,7.29
https://www.weddingwishlove.com/product-category/product-salmon-belle-florals/preserved-flower/,0,7,0%,7.71
https://www.weddingwishlove.com/product/lightandshadow/,0,7,0%,7.86
https://www.weddingwishlove.com/wp-content/uploads/DSC01846.jpg,0,7,0%,8.43
https://content.weddingwishlove.com/622/#%F0%9F%93%9A-%E6%83%85%E4%BA%BA%E7%AF%80%E9%80%81%E7%A6%AE%E9%A2%A8%E6%A0%BC%E3%80%8B%E4%BD%A0%E7%9A%84%E5%8F%A6%E4%B8%80%E5%8D%8A%E6%98%AF%E5%93%AA%E4%B8%80%E7%A8%AE%E9%A1%9E%E5%9E%8B%EF%BC%9F,0,7,0%,8.86
https://www.weddingwishlove.com/2024/10/19/blog_20241019/,0,7,0%,8.86
https://www.weddingwishlove.com/product-tag/花圈/,0,7,0%,8.86
https://www.weddingwishlove.com/2025/07/28/blog_0728/,0,7,0%,9
https://www.weddingwishlove.com/product-category/product-weddingwish/wedding-deco/page/2/,0,7,0%,10.57
https://www.weddingwishlove.com/2026/04/28/jinsemai-bmw-million-wedding/,0,7,0%,11.71
https://www.weddingwishlove.com/product/miniog/,0,7,0%,12.14
https://www.weddingwishlove.com/品牌/salmon-belle-floral/page/4/,0,7,0%,13.57
https://www.weddingwishlove.com/2023/03/10/blog_20230412/,0,7,0%,13.57
https://www.weddingwishlove.com/product-category/product-salmon-belle-florals/wedding-floral/preserved-corsage-wrist-flower/,0,7,0%,14.43
https://www.weddingwishlove.com/product/fresh-handtied-pink-rose-bouquet-aug29-2/,0,7,0%,16
https://www.weddingwishlove.com/salmonbellefloral-old/page_winebottlebouquet/,0,7,0%,20.43
https://www.weddingwishlove.com/product-tag/尾牙佈置/,0,7,0%,36.29
https://www.weddingwishlove.com/product/bd_thegreatgatsby-2/,0,6,0%,3.17
https://www.weddingwishlove.com/product/flr006/,0,6,0%,3.67
https://www.weddingwishlove.com/product/shiranuimai/,0,6,0%,4.33
https://www.weddingwishlove.com/product-tag/雪紡紗/,0,6,0%,4.5
https://www.weddingwishlove.com/product/miniorange2/,0,6,0%,5
https://www.weddingwishlove.com/product-category/product-salmon-belle-florals/fresh-packaged-bouquets/everyday-bouquets/,0,6,0%,5.5
https://www.weddingwishlove.com/2024/07/19/blog_20240706_2/,0,6,0%,6.17
https://www.weddingwishlove.com/product/bd_bluemarble/,0,6,0%,6.5
https://www.weddingwishlove.com/product-category/product-salmon-belle-florals/wedding-floral/fresh-bouquets/,0,6,0%,6.67
https://content.weddingwishlove.com/311/#%E7%95%A2%E6%A5%AD%E8%8A%B1%E6%9D%9F%E6%8E%A8%E8%96%A6-2%EF%BC%9A%E5%90%8D%E4%BA%BA%E8%8A%B1%E5%9D%8A%EF%BC%8D%E5%90%91%E6%97%A5%E8%91%B5%E7%95%A2%E6%A5%AD%E8%8A%B1%E6%9D%9F,0,6,0%,6.83
https://content.weddingwishlove.com/400/#%F0%9F%93%8D-%E5%8E%9F%E5%9B%A0-2%EF%BC%9A%E7%95%A2%E6%A5%AD%E8%8A%B1%E6%9D%9F%E6%98%AF%E8%A8%98%E6%86%B6%E7%9A%84%E6%89%BF%E8%BC%89%E7%89%A9,0,6,0%,6.83
https://www.weddingwishlove.com/product-category/product-salmon-belle-florals/fresh-packaged-bouquets/graduation-bouquets/,0,6,0%,6.83
https://www.weddingwishlove.com/product/bd_lightsilkrose2/,0,6,0%,6.83
https://www.weddingwishlove.com/product/stage-2/,0,6,0%,6.83
https://www.weddingwishlove.com/product-tag/韓系簡約風/,0,6,0%,7.33
https://content.weddingwishlove.com/1538/#%F0%9F%93%9D-%E7%A6%AE%E7%89%A9%E6%90%AD%E9%85%8D%E5%92%8C%E5%8C%85%E8%A3%9D%E5%B0%8F%E6%8A%80%E5%B7%A7,0,6,0%,9.33
https://www.weddingwishlove.com/product-category/product-weddingwish/rent-items/page/3/,0,6,0%,9.33
https://www.weddingwishlove.com/wp-content/uploads/DSC05108-已增強-雜訊減少.jpg,0,6,0%,9.5
https://www.weddingwishlove.com/product-tag/抓週派對/,0,6,0%,10.67
https://www.weddingwishlove.com/2026/02/06/totoro-forest/,0,6,0%,11.67
https://www.weddingwishlove.com/product-tag/文青風/,0,6,0%,14.33
https://www.weddingwishlove.com/product/minipink2/,0,5,0%,2.4
https://goodjob.weddingwishlove.com/,0,5,0%,3
https://www.weddingwishlove.com/product-category/product-weddingwish/rent-items/tabletop-all/tabletop-faith/,0,5,0%,3.2
https://www.weddingwishlove.com/product/gas_pink/,0,5,0%,3.4
https://www.weddingwishlove.com/product/gab_green/,0,5,0%,3.6
https://www.weddingwishlove.com/product/bd_cementwall/,0,5,0%,4.6
https://www.weddingwishlove.com/product/benq_everlight/,0,5,0%,4.8
https://www.weddingwishlove.com/product-category/product-weddingwish/rent-items/backdrop-all/backdrop/page/3/,0,5,0%,5.2
https://www.weddingwishlove.com/product-tag/黑色系/,0,5,0%,5.4
https://salmonbelle.weddingwishlove.com/legal/consumer-rights,0,5,0%,6
https://www.weddingwishlove.com/product-category/product-weddingwish/page/3/,0,5,0%,6
https://www.weddingwishlove.com/product-category/product-weddingwish/page/6/,0,5,0%,6
https://www.weddingwishlove.com/product-tag/木紋背景/,0,5,0%,6
https://www.weddingwishlove.com/product-tag/藍金色系/,0,5,0%,6.6
https://content.weddingwishlove.com/1409/#2,0,5,0%,6.8
https://www.weddingwishlove.com/2024/07/06/blog_20240706/,0,5,0%,6.8
https://www.weddingwishlove.com/product/bar012/,0,5,0%,7
https://www.weddingwishlove.com/product-tag/中國風/,0,5,0%,7.4
https://www.weddingwishlove.com/product-category/product-salmon-belle-florals/fresh-packaged-bouquets/valentine-bouquets/,0,5,0%,7.8
https://salmonbelle.weddingwishlove.com/products/cloud-relaxing-bouquet,0,5,0%,8
https://content.weddingwishlove.com/1409/#%F0%9F%92%90-%E4%BF%9D%E5%AD%98%E8%88%87%E7%85%A7%E8%AD%B7%E6%8C%87%E5%8D%97,0,5,0%,8.8
https://www.weddingwishlove.com/product-tag/胸花/,0,5,0%,8.8
https://content.weddingwishlove.com/2146/#%E5%8F%B0%E5%8C%97%E6%B4%BB%E5%8B%95%E4%BD%88%E7%BD%AE%E5%AF%A6%E6%88%B0%E5%BF%83%E6%B3%95%EF%BC%9A%E6%8C%91%E9%81%B8%E5%A4%A2%E5%B9%BB%E5%A0%B4%E5%9C%B0%E8%88%87%E9%A0%90%E7%AE%97%E6%8C%87%E5%8D%97,0,5,0%,9
https://www.weddingwishlove.com/product-tag/小捧花/,0,5,0%,9
https://www.weddingwishlove.com/product/pack_everlight/,0,5,0%,9
https://www.weddingwishlove.com/product/bd_redmarble/,0,5,0%,9.6
https://www.weddingwishlove.com/2024/05/15/blog_20240515/,0,5,0%,9.8
https://www.weddingwishlove.com/2020/04/04/blog_200404/,0,5,0%,13.4
https://www.weddingwishlove.com/product/bd_springwatercolor/,0,5,0%,15.2
https://www.weddingwishlove.com/product-tag/龍珠燈/,0,5,0%,18
https://hao-shou.weddingwishlove.com/,0,5,0%,21
https://www.weddingwishlove.com/product-category/product-salmon-belle-florals/preserved-flower/small-gifts/,0,5,0%,28.2
https://www.weddingwishlove.com/product-category/for-rent/tabletop-combo/green-country/,0,4,0%,3
https://www.weddingwishlove.com/product-category/for-rent/backdrop/lightyarn/,0,4,0%,4
https://www.weddingwishlove.com/page_flowerbouquet/,0,4,0%,4.25
https://www.weddingwishlove.com/product/minigreen2/,0,4,0%,4.75
https://www.weddingwishlove.com/product/fresh-handtied-tulip-bouquet-aug29-2/,0,4,0%,5.5
https://www.weddingwishlove.com/product/fresh-10-giant-bouquet-aug19/,0,4,0%,5.75
https://content.weddingwishlove.com/category/wedding/,0,4,0%,6.25
https://www.weddingwishlove.com/product-tag/座位表/,0,4,0%,6.75
https://www.weddingwishlove.com/2024/09/26/blog_20240926/,0,4,0%,7.25
https://www.weddingwishlove.com/product-tag/紅色系/,0,4,0%,7.25
https://www.weddingwishlove.com/product-tag/童話風/,0,4,0%,8
https://www.weddingwishlove.com/product/fresh-bouquet-tulips-various-colors/,0,4,0%,8
https://content.weddingwishlove.com/311/#%E7%95%A2%E6%A5%AD%E8%8A%B1%E6%9D%9F%E6%8E%A8%E8%96%A6-5%EF%BC%9A%E8%8A%B1%E3%84%A6%E8%8A%B1%E8%97%9D%E8%8A%B1%E5%BA%97%EF%BC%8D%E9%9F%93%E5%BC%8F%E9%AC%B1%E9%87%91%E9%A6%99%E8%8A%B1%E6%9D%9F,0,4,0%,8.25
https://content.weddingwishlove.com/2146/#%E5%A0%B4%E5%9C%B0%E4%BD%88%E7%BD%AE%E5%B8%B8%E8%A6%8B%E5%95%8F%E9%A1%8C-faq,0,4,0%,9
https://www.weddingwishlove.com/tag/diy/,0,4,0%,9
https://www.weddingwishlove.com/product-tag/婚禮電視/,0,4,0%,9.5
https://www.weddingwishlove.com/product-category/product-salmon-belle-florals/festival-flower/valentine-bouquets/,0,4,0%,9.75
https://www.weddingwishlove.com/product/bd_woodpuzzle/,0,4,0%,11.5
https://www.weddingwishlove.com/2024/03/31/blog_20240331/,0,4,0%,14.25
https://www.weddingwishlove.com/wp-content/uploads/DSC02093-已增強-雜訊減少.jpg,0,4,0%,17.5
https://www.weddingwishlove.com/product-category/product-salmon-belle-florals/wedding-floral/fresh-classic-bouquets/,0,4,0%,24.25
https://www.weddingwishlove.com/product-category/product-weddingwish/rent-items/backdrop/luxurious/,0,4,0%,42.25
https://www.weddingwishlove.com/2019/08/07/blog_190807/,0,4,0%,44.25
https://www.weddingwishlove.com/product/top001/,0,3,0%,1.67
https://content.weddingwishlove.com/category/top/,0,3,0%,2.33
https://www.weddingwishlove.com/product/bd_lightsilkgrass/,0,3,0%,3
https://www.weddingwishlove.com/product/fresh-table-new-year-2-1/,0,3,0%,3
https://www.weddingwishlove.com/product/bd_gatsbyw/,0,3,0%,3.67
https://www.weddingwishlove.com/product-category/product-salmon-belle-florals/business-floral/table-arrangements/,0,3,0%,4
https://www.weddingwishlove.com/product/年節中式花禮｜馬上鮭來-🧨-好運歸來-紅色旺鮮桌/,0,3,0%,4.33
https://www.weddingwishlove.com/product/bar_008/,0,3,0%,4.33
https://www.weddingwishlove.com/品牌/wedding-wish/page/6/,0,3,0%,4.67
https://www.weddingwishlove.com/product-tag/接待桌/,0,3,0%,4.67
https://www.weddingwishlove.com/product/bd_springred/,0,3,0%,5
https://www.weddingwishlove.com/product/fresh-handtied-bouquet/,0,3,0%,5.33
https://www.weddingwishlove.com/product-category/product-salmon-belle-florals/flower-boxes-table/,0,3,0%,5.67
https://www.weddingwishlove.com/product-tag/中式桌花/,0,3,0%,6.33
https://www.weddingwishlove.com/product-tag/蝴蝶燈/,0,3,0%,6.33
https://www.weddingwishlove.com/product-tag/紅色桌花/,0,3,0%,6.67
https://www.weddingwishlove.com/product/shout/,0,3,0%,6.67
https://www.weddingwishlove.com/品牌/salmon-belle-floral/page/2/,0,3,0%,7
https://www.weddingwishlove.com/product-category/product-weddingwish/rent-items/backdrop/page/4/,0,3,0%,7
https://www.weddingwishlove.com/product-tag/工業風/,0,3,0%,7
https://www.weddingwishlove.com/品牌/wedding-wish/page/2/,0,3,0%,7.33
https://www.weddingwishlove.com/product-category/product-salmon-belle-florals/fresh-bouquets/fresh-classic-bouquets/,0,3,0%,7.33
https://www.weddingwishlove.com/2025/06/10/blog_250610/,0,3,0%,7.67
https://www.weddingwishlove.com/product-tag/白金色系/page/2/,0,3,0%,7.67
https://www.weddingwishlove.com/2024/03/23/blog_20240323/,0,3,0%,8
https://www.weddingwishlove.com/product-category/product-salmon-belle-florals/festival-flower/,0,3,0%,8
https://www.weddingwishlove.com/product-tag/半圓拱門/,0,3,0%,8
https://content.weddingwishlove.com/622/#%F0%9F%91%A9%E2%9D%A4%EF%B8%8F%F0%9F%91%A8-%E4%BE%9D%E9%97%9C%E4%BF%82%E3%80%8B%E4%BD%A0%E5%80%91%E7%9A%84%E6%84%9F%E6%83%85%E5%9C%A8%E5%93%AA%E4%B8%80%E9%9A%8E%E6%AE%B5%E5%91%A2,0,3,0%,8.33
https://www.weddingwishlove.com/2020/03/15/blog_200315/,0,3,0%,8.33
https://www.weddingwishlove.com/flower-color/gw/,0,3,0%,8.33
https://www.weddingwishlove.com/product-tag/星光大道/,0,3,0%,8.33
https://www.weddingwishlove.com/product/odetospring/,0,3,0%,8.33
https://www.weddingwishlove.com/product-tag/奶茶色系/,0,3,0%,8.67
https://www.weddingwishlove.com/product-category/product-weddingwish/rent-items/tabletop-combo/page/2/,0,3,0%,9
https://www.weddingwishlove.com/product-tag/紅色系花束/,0,3,0%,9.67
https://www.weddingwishlove.com/product-category/product-salmon-belle-florals/festival-flower/page/2/,0,3,0%,10.67
https://www.weddingwishlove.com/2022/06/18/blog_220619/,0,3,0%,11.67
https://www.weddingwishlove.com/wp-content/uploads/240706_翡麗絲-1.jpg,0,3,0%,12.67
https://www.weddingwishlove.com/product/fresh-white-green-bouquet-aug14/,0,3,0%,13.33
https://www.weddingwishlove.com/product-tag/桌面佈置/,0,3,0%,17
https://www.weddingwishlove.com/wp-content/uploads/DSC05720-已增強-雜訊減少.jpg,0,3,0%,19.67
https://www.weddingwishlove.com/product/plan_forestparty/,0,3,0%,28.67
https://www.weddingwishlove.com/wp-content/uploads/DSC05710-已增強-雜訊減少.jpg,0,3,0%,29.67
https://www.weddingwishlove.com/product/永生桌花｜品牌合作款/,0,3,0%,38.67
https://www.weddingwishlove.com/2020/04/15/blog_200415-2/,0,3,0%,45.67
https://www.weddingwishlove.com/product-tag/水晶燈/,0,2,0%,1
https://www.weddingwishlove.com/product/bd_lightsilkrose/,0,2,0%,1.5
https://www.weddingwishlove.com/product/flr016/,0,2,0%,1.5
https://www.weddingwishlove.com/product/top003/,0,2,0%,2.5
https://www.weddingwishlove.com/2023/07/08/blog_20230708/,0,2,0%,3
https://content.weddingwishlove.com/feature/,0,2,0%,3.5
https://www.weddingwishlove.com/product/bd_elegantmarble/,0,2,0%,3.5
https://content.weddingwishlove.com/1001/#%F0%9F%8C%B8-%E6%B0%B8%E7%94%9F%E8%8A%B1%E7%B1%83%E6%80%8E%E9%BA%BC%E6%8C%91%EF%BC%9F%E6%8E%A8%E8%96%A6-4-%E5%A4%A7%E9%97%9C%E9%8D%B5%E7%B4%B0%E7%AF%80,0,2,0%,4
https://content.weddingwishlove.com/1001/#%F0%9F%8C%BC-%E6%B0%B8%E7%94%9F%E8%8A%B1%E7%B1%83%E9%81%A9%E5%90%88%E7%9A%84%E5%A0%B4%E5%90%88,0,2,0%,4
https://content.weddingwishlove.com/1001/#%F0%9F%91%8D-2025-%E6%B0%B8%E7%94%9F%E8%8A%B1%E7%B1%83%E4%BA%BA%E6%B0%A3%E8%8A%B1%E5%BA%97%E6%8E%A8%E8%96%A6,0,2,0%,4
https://goodjob.weddingwishlove.com/works/zhongshan-civil,0,2,0%,4
https://www.weddingwishlove.com/product-tag/紅玫瑰/,0,2,0%,4
https://www.weddingwishlove.com/product-tag/西式婚禮/page/3/,0,2,0%,4
https://www.weddingwishlove.com/product/bd_harborwoodgrain/,0,2,0%,4.5
https://content.weddingwishlove.com/1409/#9,0,2,0%,5
https://www.weddingwishlove.com/品牌/wedding-wish/page/4/,0,2,0%,5
https://www.weddingwishlove.com/2025/10/19/blog-251019/,0,2,0%,5
https://www.weddingwishlove.com/product-category/product-weddingwish/rent-items/backdrop-all/backdrop/luxurious/,0,2,0%,5
https://www.weddingwishlove.com/product-category/product-weddingwish/rent-items/tabletop-combo/old-time/,0,2,0%,5
https://www.weddingwishlove.com/product/pack_girl_unicorn/,0,2,0%,5
https://www.weddingwishlove.com/product-tag/東方主題/,0,2,0%,5.5
https://www.weddingwishlove.com/product-tag/橘色系/,0,2,0%,5.5
https://www.weddingwishlove.com/2023/03/19/blog_20230319/,0,2,0%,6
https://www.weddingwishlove.com/product-tag/木質風/,0,2,0%,6
https://www.weddingwishlove.com/product-tag/背板佈置/,0,2,0%,6
https://www.weddingwishlove.com/product-tag/自然系/,0,2,0%,6
https://www.weddingwishlove.com/product/bd_biglightsilk/,0,2,0%,6
https://www.weddingwishlove.com/product/bd_biglightsilk_s/,0,2,0%,6
https://www.weddingwishlove.com/product/bd_bluemarbleplus/,0,2,0%,6
https://www.weddingwishlove.com/product/top004/,0,2,0%,6
https://www.weddingwishlove.com/product-category/product-weddingwish/wedding-deco/tp_outdoor/page/2/,0,2,0%,6.5
https://www.weddingwishlove.com/product-tag/橘色花束/,0,2,0%,6.5
https://www.weddingwishlove.com/product/box003/,0,2,0%,6.5
https://www.weddingwishlove.com/product/plan_countrytiffany/,0,2,0%,6.5
https://www.weddingwishlove.com/2024/06/29/blog_20240629/,0,2,0%,7
https://www.weddingwishlove.com/product-category/product-weddingwish/rent-items/single-item/other-single-item/,0,2,0%,7
https://www.weddingwishlove.com/product/bar009/,0,2,0%,7
https://www.weddingwishlove.com/product/pack_waterflower/,0,2,0%,7
https://content.weddingwishlove.com/873/#top5,0,2,0%,7.5
https://www.weddingwishlove.com/blog/page/4/,0,2,0%,7.5
https://www.weddingwishlove.com/page_bridalbouquet/,0,2,0%,7.5
https://www.weddingwishlove.com/salmonbellefloral-old/page_pottedflower/,0,2,0%,7.5
https://www.weddingwishlove.com/featured_item/magazine/,0,2,0%,8
https://www.weddingwishlove.com/product-category/product-weddingwish/page/14/,0,2,0%,8
https://www.weddingwishlove.com/weddingwish/customized/,0,2,0%,8
https://www.weddingwishlove.com/category/post_goodjob_blog/page/2/,0,2,0%,8.5
https://www.weddingwishlove.com/product-category/product-weddingwish/rent-items/page/10/,0,2,0%,8.5
https://www.weddingwishlove.com/product-tag/白色系/,0,2,0%,8.5
https://www.weddingwishlove.com/product-category/product-weddingwish/rent-items/single-item/fake-flower/page/3/,0,2,0%,9
https://www.weddingwishlove.com/product/blueclassic/,0,2,0%,9
https://content.weddingwishlove.com/311/#%E7%95%A2%E6%A5%AD%E8%8A%B1%E6%9D%9F%E6%8E%A8%E8%96%A6-6%EF%BC%9A%E8%8A%99%E6%8B%89%E8%8A%B1%E8%97%9D%EF%BC%8D%E7%8E%AB%E7%91%B0%E8%8A%B1%E6%9D%9F,0,2,0%,9.5
https://www.weddingwishlove.com/product-category/product-weddingwish/rent-items/page/7/,0,2,0%,9.5
https://www.weddingwishlove.com/product-category/product-weddingwish/wedding-deco/tp_decor/page/2/,0,2,0%,9.5
https://content.weddingwishlove.com/1772/#%F0%9F%8C%BC%E7%94%A8%E3%80%8C%E8%8A%B1%E3%80%8D%E7%95%B6%E4%BD%9C%E4%B8%AD%E7%A7%8B%E9%80%81%E7%A6%AE%E7%9A%84%E7%8D%A8%E7%89%B9%E9%AD%85%E5%8A%9B,0,2,0%,10
https://content.weddingwishlove.com/1772/#%F0%9F%8E%81%E4%B8%AD%E7%A7%8B%E9%80%81%E7%A6%AE%E8%A6%81%E6%80%8E%E9%BA%BC%E6%8C%91%EF%BC%9F,0,2,0%,10
https://content.weddingwishlove.com/1772/#%F0%9F%91%8D2026-%E4%B8%AD%E7%A7%8B%E9%80%81%E7%A6%AE%E6%8E%92%E8%A1%8C%E6%A6%9C-top10,0,2,0%,10
https://www.weddingwishlove.com/product-category/product-weddingwish/rent-items/backdrop-combo/baby-party/,0,2,0%,10
https://www.weddingwishlove.com/2020/05/22/blog_200522/,0,2,0%,10.5
https://www.weddingwishlove.com/2024/10/16/blog_20241016/,0,2,0%,10.5
https://www.weddingwishlove.com/product-tag/巨大花/,0,2,0%,10.5
https://www.weddingwishlove.com/2020/05/01/blog_20200501/,0,2,0%,11
https://www.weddingwishlove.com/2023/08/26/20230826_blog/,0,2,0%,11
https://www.weddingwishlove.com/product-category/baby-party/,0,2,0%,11
https://www.weddingwishlove.com/product-category/product-weddingwish/wedding-deco/page/3/,0,2,0%,11
https://www.weddingwishlove.com/product-tag/大花束/,0,2,0%,11
https://www.weddingwishlove.com/product-tag/鮮花捧花-瀑布捧花/,0,2,0%,11
https://content.weddingwishlove.com/privacy/,0,2,0%,11.5
https://www.weddingwishlove.com/icat/,0,2,0%,11.5
https://www.weddingwishlove.com/product-tag/紫色系氣質款/,0,2,0%,12
https://www.weddingwishlove.com/product-category/product-weddingwish/rent-items/single-item/page/2/,0,2,0%,12.5
https://www.weddingwishlove.com/product/fresh-weekend-flower-class-sep2/,0,2,0%,12.5
https://www.weddingwishlove.com/product-tag/金屬花架/,0,2,0%,13.5
https://content.weddingwishlove.com/wp-content/uploads/2025/06/捧花-1024x576.jpg,0,2,0%,20
https://www.weddingwishlove.com/wp-content/uploads/241026_君品亮廳-14.jpg,0,2,0%,20
https://www.weddingwishlove.com/wp-content/uploads/IMG_5024.jpg,0,2,0%,20.5
https://www.weddingwishlove.com/flower-color/客製手腕花/,0,2,0%,22.5
https://www.weddingwishlove.com/product-tag/港式婚禮/,0,2,0%,24
https://www.weddingwishlove.com/category/post_weddingblog/,0,2,0%,34.5
https://www.weddingwishlove.com/product/plan_everlight/,0,2,0%,36
https://www.weddingwishlove.com/salmonbellefloral-old/page_flowerbelljar/,0,2,0%,53
https://www.weddingwishlove.com/2024/12/07/blog_20241207/,0,1,0%,1
https://www.weddingwishlove.com/product-category/for-rent/tabletop-combo/chian-red/,0,1,0%,1
https://www.weddingwishlove.com/product-category/product-salmon-belle-florals/wedding-floral/page/2/,0,1,0%,1
https://www.weddingwishlove.com/product-category/product-weddingwish/rent-items/single-item/page/4/,0,1,0%,1
https://www.weddingwishlove.com/product/bar011-3/,0,1,0%,1
https://www.weddingwishlove.com/product/benq_archwood6/,0,1,0%,1
https://www.weddingwishlove.com/salmonbellefloral-old/page_flowerbasket/,0,1,0%,1
https://www.weddingwishlove.com/wp-content/uploads/IMG_5034.jpg,0,1,0%,1
https://www.weddingwishlove.com/category/post_custom/,0,1,0%,2
https://www.weddingwishlove.com/product-category/product-weddingwish/page/12/,0,1,0%,2
https://www.weddingwishlove.com/product-category/product-weddingwish/rent-items/backdrop/other-mateiral/,0,1,0%,2
https://www.weddingwishlove.com/product-tag/大理石風/,0,1,0%,2
https://www.weddingwishlove.com/product-tag/粉色系/page/4/,0,1,0%,2
https://www.weddingwishlove.com/product-tag/背板佈置/page/6/,0,1,0%,2
https://www.weddingwishlove.com/product/pack_pinkmarble/,0,1,0%,2
https://class.weddingwishlove.com/,0,1,0%,3
https://goodjob.weddingwishlove.com/works/6031ac6a,0,1,0%,3
https://www.weddingwishlove.com/product-category/product-weddingwish/rent-items/backdrop-all/backdrop-combo/baby-party/,0,1,0%,3
https://www.weddingwishlove.com/product-category/product-weddingwish/rent-items/page/11/,0,1,0%,3
https://www.weddingwishlove.com/product-tag/扇子系列/,0,1,0%,3
https://www.weddingwishlove.com/product-tag/現代極簡風/,0,1,0%,3
https://www.weddingwishlove.com/product-tag/綠色系/,0,1,0%,3
https://www.weddingwishlove.com/product/big_flower3/,0,1,0%,3
https://goodjob.weddingwishlove.com/works/1c45c415,0,1,0%,4
https://www.weddingwishlove.com/product-category/product-weddingwish/rent-items/single-item/fake-flower/page/2/,0,1,0%,4
https://www.weddingwishlove.com/product-tag/婚禮紙花/,0,1,0%,4
https://www.weddingwishlove.com/salmonbelle-version-index/,0,1,0%,4
https://goodjob.weddingwishlove.com/works/59483d61,0,1,0%,5
https://www.weddingwishlove.com/2024/11/02/blog_20241102/,0,1,0%,5
https://www.weddingwishlove.com/flower-color/colorful/,0,1,0%,5
https://www.weddingwishlove.com/product-category/product-salmon-belle-florals/fresh-flower/fresh-packaged-bouquets/page/2/,0,1,0%,5
https://www.weddingwishlove.com/product-tag/花藝課程/,0,1,0%,5
https://www.weddingwishlove.com/product/bar014/,0,1,0%,5
https://www.weddingwishlove.com/shop/page/11/,0,1,0%,5
https://www.weddingwishlove.com/wp-content/uploads/IMG_5032.jpg,0,1,0%,5
https://content.weddingwishlove.com/1409/#4,0,1,0%,6
https://goodjob.weddingwishlove.com/works/ee7a6a84,0,1,0%,6
https://www.weddingwishlove.com/product-category/product-weddingwish/rent-items/backdrop-all/backdrop/large/,0,1,0%,6
https://www.weddingwishlove.com/product-category/product-weddingwish/rent-items/backdrop/page/3/,0,1,0%,6
https://www.weddingwishlove.com/product-tag/婚禮桌花/,0,1,0%,6
https://www.weddingwishlove.com/product-tag/浪漫風/,0,1,0%,6
https://www.weddingwishlove.com/product/blue-marble/,0,1,0%,6
https://www.weddingwishlove.com/product/fresh-table-new-year-1-1/,0,1,0%,6
https://www.weddingwishlove.com/product/listentomystory/,0,1,0%,6
https://www.weddingwishlove.com/shop/page/12/,0,1,0%,6
https://www.weddingwishlove.com/shop/page/13/,0,1,0%,6
https://www.weddingwishlove.com/wp-content/uploads/231118_白金巨牛_新莊翰品.jpg,0,1,0%,6
https://www.weddingwishlove.com/wp-content/uploads/325428-3.jpg,0,1,0%,6
https://content.weddingwishlove.com/1538/#%F0%9F%8F%B7%EF%B8%8F-%E7%B6%93%E6%BF%9F%E5%AF%A6%E6%83%A0%E5%9E%8B%EF%BC%88nt1000-%E4%BB%A5%E4%B8%8B%EF%BC%89,0,1,0%,7
https://content.weddingwishlove.com/1538/#9,0,1,0%,7
https://content.weddingwishlove.com/873/#top7,0,1,0%,7
https://www.weddingwishlove.com/2024/11/03/blog_20241103/,0,1,0%,7
https://www.weddingwishlove.com/bouquets-size/lsize/,0,1,0%,7
https://www.weddingwishlove.com/product-category/for-rent/tabletop-combo/page/3/?orderby=popularity,0,1,0%,7
https://www.weddingwishlove.com/product-category/product-weddingwish/rent-items/tabletop-all/tabletop-combo/page/3/,0,1,0%,7
https://www.weddingwishlove.com/product-tag/粉白色鮮花花束/,0,1,0%,7
https://www.weddingwishlove.com/product-tag/背板出租/,0,1,0%,7
https://www.weddingwishlove.com/product-tag/金屬質感/page/3/,0,1,0%,7
https://www.weddingwishlove.com/product-tag/電影風/,0,1,0%,7
https://goodjob.weddingwishlove.com/works/cxo-female-founders-club,0,1,0%,8
https://www.weddingwishlove.com/product-category/product-weddingwish/page/11/,0,1,0%,8
https://www.weddingwishlove.com/product-category/product-weddingwish/rent-items/backdrop-all/backdrop/other-mateiral/,0,1,0%,8
https://www.weddingwishlove.com/product-category/product-weddingwish/rent-items/backdrop/page/2/,0,1,0%,8
https://www.weddingwishlove.com/product-tag/大亨小傳風/,0,1,0%,8
https://www.weddingwishlove.com/product-tag/粉色系花束/,0,1,0%,8
https://www.weddingwishlove.com/product-tag/美式戶外/,0,1,0%,8
https://www.weddingwishlove.com/product-tag/藍色系/,0,1,0%,8
https://www.weddingwishlove.com/product-tag/鮮花大花束/,0,1,0%,8
https://www.weddingwishlove.com/product/bd_pinkmarbleplus/,0,1,0%,8
https://www.weddingwishlove.com/shop/page/8/,0,1,0%,8
https://www.weddingwishlove.com/wp-content/uploads/IMG_5033.jpg,0,1,0%,8
https://content.weddingwishlove.com/2146/#%E8%AE%93%E4%B8%BB%E9%A1%8C%E6%88%90%E7%82%BA%E8%A8%98%E6%86%B6%E9%BB%9E%EF%BC%9A2-%E6%AC%BE-2026-%E5%B0%BE%E7%89%99%E7%86%B1%E9%96%80%E4%B8%BB%E9%A1%8C%E4%BD%88%E7%BD%AE,0,1,0%,9
https://goodjob.weddingwishlove.com/works/48235c66,0,1,0%,9
https://www.weddingwishlove.com/bouquets-size/ssize/,0,1,0%,9
https://www.weddingwishlove.com/product-category/product-salmon-belle-florals/wedding-floral/fresh-classic-bouquets/page/2/,0,1,0%,9
https://www.weddingwishlove.com/product-category/product-weddingwish/page/13/,0,1,0%,9
https://www.weddingwishlove.com/product-category/product-weddingwish/rent-items/tabletop-combo/faith/,0,1,0%,9
https://www.weddingwishlove.com/product-tag/白色系/page/2/,0,1,0%,9
https://www.weddingwishlove.com/product-tag/藍色婚禮佈置/,0,1,0%,9
https://www.weddingwishlove.com/product-tag/金屬風/,0,1,0%,9
https://www.weddingwishlove.com/product-tag/鮮花/,0,1,0%,9
https://www.weddingwishlove.com/salmonbellefloral/page_flowerbouquet/,0,1,0%,9
https://content.weddingwishlove.com/feature/page/3/,0,1,0%,10
https://www.weddingwishlove.com/品牌/wedding-wish/page/3/,0,1,0%,10
https://www.weddingwishlove.com/2020/04/10/blog_20200410/,0,1,0%,10
https://www.weddingwishlove.com/blog/page/7/,0,1,0%,10
https://www.weddingwishlove.com/flower-color/冷松綠吟摩登棕色系/,0,1,0%,10
https://www.weddingwishlove.com/product-category/product-salmon-belle-florals/fresh-packaged-bouquets/proposal-huge-bouquets/,0,1,0%,10
https://www.weddingwishlove.com/product-category/product-weddingwish/rent-items/backdrop-all/backdrop-combo/pack-usa/,0,1,0%,10
https://www.weddingwishlove.com/product-category/product-weddingwish/rent-items/tabletop-all/tabletop-combo/green-country/,0,1,0%,10
https://www.weddingwishlove.com/product-tag/波希米亞風/,0,1,0%,10
https://www.weddingwishlove.com/product-tag/開幕桌花/,0,1,0%,10
https://www.weddingwishlove.com/product-tag/tp-stage/page/2/,0,1,0%,10
https://www.weddingwishlove.com/product/minipink/,0,1,0%,10
https://www.weddingwishlove.com/shop/page/5/?add_to_wishlist=734&_wpnonce=4a098be6b3,0,1,0%,10
https://www.weddingwishlove.com/wp-content/uploads/IMG_5219.png,0,1,0%,10
https://www.weddingwishlove.com/wp-content/uploads/R0011905.jpg,0,1,0%,10
https://www.weddingwishlove.com/2024/06/02/blog_20240602/,0,1,0%,11
https://www.weddingwishlove.com/category/post_raiders/,0,1,0%,11
https://www.weddingwishlove.com/flower-color/red/,0,1,0%,11
https://www.weddingwishlove.com/product-category/product-weddingwish/rent-items/backdrop-all/backdrop-combo/pack-luxurious/,0,1,0%,11
https://www.weddingwishlove.com/product-tag/原木色/,0,1,0%,11
https://www.weddingwishlove.com/product-tag/金色系/,0,1,0%,11
https://www.weddingwishlove.com/product-tag/黑框花架/,0,1,0%,11
https://www.weddingwishlove.com/product/pack_boy_truck/,0,1,0%,11
https://www.weddingwishlove.com/product/plan_60ages/,0,1,0%,11
https://www.weddingwishlove.com/wp-content/uploads/IMG_5217.jpg,0,1,0%,11
https://content.weddingwishlove.com/1538/#%F0%9F%8F%B7%EF%B8%8F-%E5%93%81%E8%B3%AA%E5%9D%87%E8%A1%A1%E5%9E%8B%EF%BC%88nt1000-3000%EF%BC%89,0,1,0%,12
https://www.weddingwishlove.com/product-tag/繽紛/,0,1,0%,12
https://www.weddingwishlove.com/product-tag/鬱金香花束/,0,1,0%,12
https://www.weddingwishlove.com/product/preserved-corsage-preserved-flowers-red/,0,1,0%,12
https://www.weddingwishlove.com/wp-content/uploads/0811-村花弄囍0438-scaled.jpg,0,1,0%,12
https://www.weddingwishlove.com/wp-content/uploads/240706_翡麗絲-3-600x400.jpg,0,1,0%,12
https://www.weddingwishlove.com/wp-content/uploads/DSC01176-已增強-雜訊減少-533x800.jpg,0,1,0%,12
https://www.weddingwishlove.com/wp-content/uploads/DSC07340-已增強-雜訊減少-scaled.jpg,0,1,0%,12
https://www.weddingwishlove.com/wp-content/uploads/S__6717599_0.jpg,0,1,0%,12
https://www.weddingwishlove.com/wp-content/uploads/S__6717566_0.jpg,0,1,0%,13
https://content.weddingwishlove.com/wp-content/uploads/2025/06/捧花-768x432.jpg,0,1,0%,14
https://www.weddingwishlove.com/wp-content/uploads/圓觀.jpg,0,1,0%,14
https://www.weddingwishlove.com/wp-content/uploads/16500000083.jpg,0,1,0%,14
https://www.weddingwishlove.com/wp-content/uploads/DSC05179-已增強-雜訊減少.jpg,0,1,0%,14
https://www.weddingwishlove.com/wp-content/uploads/成語蕎2-2.jpg,0,1,0%,15
https://www.weddingwishlove.com/wp-content/uploads/S__415629318_0.jpg,0,1,0%,15
https://www.weddingwishlove.com/wp-content/uploads/S__6717586_0.jpg,0,1,0%,15
https://www.weddingwishlove.com/product-category/product-weddingwish/rent-items/single-item/page/3/,0,1,0%,16
https://www.weddingwishlove.com/wp-content/uploads/DSC05956-已增強-雜訊減少.jpg,0,1,0%,16
https://www.weddingwishlove.com/wp-content/uploads/IMG_0473-已增強-雜訊減少.jpg,0,1,0%,16
https://www.weddingwishlove.com/wp-content/uploads/S__7061510_0.jpg,0,1,0%,16
https://www.weddingwishlove.com/product-category/product-weddingwish/rent-items/page/4/,0,1,0%,18
https://www.weddingwishlove.com/wp-content/uploads/DSC05603-已增強-雜訊減少.jpg,0,1,0%,18
https://www.weddingwishlove.com/2026cny-festival-flower/,0,1,0%,19
https://www.weddingwishlove.com/salmonbellefloral-v5-modern/,0,1,0%,19
https://www.weddingwishlove.com/product-category/product-weddingwish/page/10/?add_to_wishlist=8542&_wpnonce=4a098be6b3,0,1,0%,20
https://www.weddingwishlove.com/product-tag/客製款花束/,0,1,0%,20
https://www.weddingwishlove.com/wp-content/uploads/DSC05617-已增強-雜訊減少.jpg,0,1,0%,20
https://www.weddingwishlove.com/product/bd_fantasticalice/,0,1,0%,22
https://www.weddingwishlove.com/wp-content/uploads/LINE_ALBUM_好看的_241224_9.jpg,0,1,0%,22
https://www.weddingwishlove.com/wp-content/uploads/S__6717565_0.jpg,0,1,0%,22
https://www.weddingwishlove.com/product-tag/巨型花束/,0,1,0%,23
https://www.weddingwishlove.com/product-category/product-weddingwish/rent-items/backdrop-combo/pack-other/,0,1,0%,24
https://www.weddingwishlove.com/wp-content/uploads/DSC01038_0-2-1200x800.jpg,0,1,0%,24
https://www.weddingwishlove.com/wp-content/uploads/DSC05940-已增強-雜訊減少.jpg,0,1,0%,24
https://www.weddingwishlove.com/wp-content/uploads/DSC05428-已增強-雜訊減少.jpg,0,1,0%,25
https://www.weddingwishlove.com/product-category/product-weddingwish/rent-items/tabletop-combo/page/3/,0,1,0%,26
https://www.weddingwishlove.com/wp-content/uploads/20250601-43.jpg,0,1,0%,26
https://www.weddingwishlove.com/wp-content/uploads/240706_翡麗絲-4.jpg,0,1,0%,26
https://www.weddingwishlove.com/product-category/product-salmon-belle-florals/accessories-floral/,0,1,0%,27
https://www.weddingwishlove.com/wp-content/uploads/LINE_ALBUM_婚禮小物市集_231201_34.png,0,1,0%,27
https://www.weddingwishlove.com/wp-content/uploads/R0016474.png,0,1,0%,27
https://www.weddingwishlove.com/wp-content/uploads/IMG_5123.jpg,0,1,0%,28
https://www.weddingwishlove.com/wp-content/uploads/241109_喜來登福廳2.jpg,0,1,0%,29
https://www.weddingwishlove.com/product-category/product-weddingwish/rent-items/backdrop-combo/page/2/,0,1,0%,30
https://www.weddingwishlove.com/product-tag/畢業花束/,0,1,0%,30
https://www.weddingwishlove.com/wp-content/uploads/240706_翡麗絲-2.jpg,0,1,0%,30
https://www.weddingwishlove.com/wp-content/uploads/241026_君品亮廳-5-scaled.jpg,0,1,0%,30
https://www.weddingwishlove.com/wp-content/uploads/S__6717590_0-600x900.jpg,0,1,0%,30
https://www.weddingwishlove.com/tag/w-hotel/,0,1,0%,32
https://www.weddingwishlove.com/product/plan_avignon/,0,1,0%,41
https://www.weddingwishlove.com/wp-content/uploads/DSC05500-已增強-雜訊減少.jpg,0,1,0%,44
https://www.weddingwishlove.com/product-tag/粉玫瑰/,0,1,0%,60